date,oer_cpi_yoy,home_price_mom,home_price_3m,home_price_yoy,home_price_lag6,home_price_lag12,home_price_ma6,mortgage_rate_change_mom,mortgage_rate_change_yoy,mortgage_rate_lag3,mortgage_rate_ma3,housing_starts_yoy,housing_starts_lag6,housing_starts_ma6,permits_yoy,permits_lag6,rent_pri_res_yoy,rent_pri_res_yoy_lag1,rent_shelter_yoy,unemployment_3m,unemployment_lag1,unemployment_lag6,ahe_yoy,ahe_yoy_lag3,ahe_ma3,payroll_yoy,eci_yoy,cpi_core_yoy,cpi_core_yoy_lag1,cpi_all_yoy,pce_yoy,fed_funds_change_yoy,fed_funds_lag3,yield_spread_lag3,industrial_prod_yoy,retail_sales_yoy,sentiment_yoy,sentiment_lag3,oer_lag1,oer_lag12,oer_ma12
1993-07-31,3.211303789338471,-0.6044325050369337,-120.82413892353436,-77.93256566452173,30.605208244741068,39.456869842690836,-59.341861884704116,-0.08999999999999986,0.28999999999999915,0.0600000000000005,-0.20000000000000018,10.096575943810372,2.8911564625850428,12.613910670814002,7.805325987144163,9.28505106778088,2.3129251700680253,2.5221540558963973,2.614379084967333,-2.8169014084506894,0.0,-2.631578947368407,0.0,0.0,0.0,2.079196999779387,0.0,3.1842818428184483,3.3990482664853827,2.8469750889679624,2.416409545998355,-0.30000000000000027,-0.8400000000000003,2.22,2.1642807383093654,7.853185501182347,0.5221932114882533,10.880829015544036,160.6,155.4,153.09166666666667
1993-10-31,3.124999999999978,0.20270270270270618,-133.53603603603682,-47.97146295057312,-138.73099781200392,-280.2321765732248,-48.780324169540584,-0.08999999999999986,-0.28000000000000114,0.28999999999999915,0.20666666666666642,11.897106109324751,14.46769790718836,3.5731845390988526,13.692579505300362,4.743833017077792,2.298850574712641,2.651257647858607,2.6695526695526883,-1.449275362318847,-4.285714285714281,-5.405405405405405,0.0,0.0,0.0,2.378639887115397,0.0,3.0913978494623517,3.241053342336264,2.752293577981657,2.353842785198146,-0.010000000000000231,-0.30000000000000027,1.7,2.8823233538172177,6.98177386739518,12.824010914051854,0.5221932114882533,161.4,156.0,154.35
1994-01-31,2.902208201892731,3.5738368172623103,1663.0928298493761,-1256.8844396151178,-77.93256566452173,35021.516882206604,5709.955682028718,-0.16000000000000014,0.1200000000000001,-0.28000000000000114,-0.18333333333333326,5.123966942148761,10.096575943810372,3.4073632037479986,18.096856414613427,7.805325987144163,2.216252518468753,2.289562289562297,2.5787965616045794,-2.941176470588236,-2.985074626865669,0.0,0.0,0.0,0.0,2.5603424719919943,0.0,2.931379080612939,3.141711229946531,2.450980392156854,1.977243051669464,0.6600000000000001,-0.010000000000000231,1.44,3.3206682813962995,6.590997118079955,5.599104143337064,12.824010914051854,162.7,157.7,155.51666666666668
1994-04-30,3.1308703819661776,0.390625,-89.06987028301889,-67.1210669752935,-47.97146295057312,303.5651962141965,17467.941914947925,0.5200000000000005,0.5900000000000007,0.1200000000000001,0.15333333333333332,16.454689984101755,11.897106109324751,9.474477503352297,26.086956521739136,13.692579505300362,2.4048096192385016,2.749832327297108,2.4182076813655806,-3.0303030303030165,0.0,-4.285714285714281,0.0,0.0,0.0,2.9818676337262096,0.0,2.7080581241743618,2.984084880636595,2.364394993045882,1.980442741723687,0.7200000000000002,0.6600000000000001,1.58,4.348554709781172,8.752585315408478,8.177570093457941,5.599104143337064,164.5,159.0,156.73333333333332
1994-07-31,3.0491599253267054,-0.9079118028534339,-332.42542153047907,175.1316289047673,-1256.8844396151178,30.605208244741068,11830.722426883423,0.10999999999999943,0.1999999999999993,0.5900000000000007,0.5933333333333337,14.752791068580539,5.123966942148761,12.42965462788631,13.713798977853497,18.096856414613427,2.393617021276584,2.0611702127659504,2.4769992922859085,-4.687500000000011,-6.153846153846154,-2.985074626865669,0.0,0.0,0.0,3.200244925891904,0.0,2.8890347997373444,2.827087442472065,2.69896193771626,2.1857083570297586,1.2200000000000002,0.7200000000000002,1.33,5.5556238117031365,7.1063456058432894,15.58441558441559,8.177570093457941,165.3,160.6,158.01666666666668
1994-10-31,3.6487322201607997,2.159685863874339,-337.87397157816014,153.02081865525756,-67.1210669752935,-138.73099781200392,93.3691698917687,0.20999999999999908,0.29999999999999893,0.1999999999999993,0.14333333333333323,4.166666666666674,16.454689984101755,19.128563675582427,8.547008547008538,26.086956521739136,2.511566424322531,2.6490066225165476,2.389318341531954,-4.91803278688524,-3.2786885245901565,0.0,0.0,0.0,0.0,3.332020692000648,0.0,2.8683181225554133,3.00850228907783,2.609890109890123,2.1056491908989505,1.8700000000000006,1.2200000000000002,1.13,6.216844055084048,9.72379563505723,12.091898428053206,15.58441558441559,167.1,161.4,159.29999999999998
1995-01-31,3.3721643163703297,-1.6655989750160138,-177.12227981286293,-110.650173979098,175.1316289047673,-77.93256566452173,-72.15252376850856,-0.049999999999998934,0.11000000000000121,0.29999999999999893,0.28333333333333294,10.61320754716981,14.752791068580539,19.551041779282343,-7.7697841726618755,13.713798977853497,2.562417871222089,2.501645819618159,2.3743016759776525,-3.4482758620689724,-6.779661016949157,-6.153846153846154,0.0,0.0,0.0,3.4671095283345554,0.0,2.9126213592232997,2.5923525599481634,2.8708133971291794,2.3215047862935156,2.18,1.8700000000000006,0.97,6.747244944883901,9.094716355954645,3.499469777306463,12.091898428053206,168.0,162.7,160.525
1995-04-30,3.2179720704310855,3.517915309446251,-311.210223001754,249.40010804201881,153.02081865525756,-47.97146295057312,-93.20519259469103,-0.120000000000001,-0.6400000000000015,0.11000000000000121,-0.00333333333333267,-13.515358361774743,4.166666666666674,11.900239474039845,-9.554597701149426,8.547008547008538,2.4135681669928077,2.2193211488250597,2.499999999999991,3.571428571428581,-1.8181818181818077,-3.2786885245901565,0.0,0.0,0.0,3.060155472801074,0.0,3.1511254019292556,2.962009014810052,3.125000000000022,2.320684692872832,2.3299999999999996,2.18,0.34,4.837286192716461,4.808572345508799,-0.10799136069113979,3.499469777306463,169.5,164.5,161.79166666666666
1995-07-31,3.5628019323671545,-0.7551919446192601,-121.46703027760306,-63.46036662347554,-110.650173979098,-1256.8844396151178,-259.44399329931343,0.2599999999999998,0.15000000000000036,-0.6400000000000015,-0.7400000000000005,1.5288394718554477,10.61320754716981,6.799266850172656,1.4232209737827795,-7.7697841726618755,2.5974025974025983,2.6710097719869763,2.6243093922651894,-1.724137931034475,3.703703703703698,-6.779661016949157,0.0,0.0,0.0,2.420424403183019,0.0,2.999361837906833,3.0051150895140655,2.8301886792452713,1.9870338893819506,1.6799999999999997,2.3299999999999996,0.47,3.9307917598429887,6.197128260792617,6.067415730337089,-0.10799136069113979,171.1,165.3,163.025
1995-10-31,3.341288782816232,2.029169308814205,-368.69583597548,9.122296178470158,249.40010804201881,-67.1210669752935,-655.6195519536321,-0.16999999999999993,-0.379999999999999,0.15000000000000036,-0.2399999999999999,-5.586206896551726,-13.515358361774743,-3.315085419199219,0.21474588403722628,-9.554597701149426,2.3855577047066534,2.2580645161290214,2.8140013726836166,-3.508771929824561,0.0,-1.8181818181818077,0.0,0.0,0.0,2.2250708055812973,0.0,3.1051964512040398,2.984126984126978,2.7443105756358666,2.0203229523652944,1.0699999999999994,1.6799999999999997,0.57,3.6822303795441824,3.4807112013644392,-2.696871628910469,6.067415730337089,172.5,167.1,164.35833333333332
1996-01-31,3.558718861209975,0.12430080795524656,-93.8743008079555,-47.00028652118885,-63.46036662347554,175.1316289047673,-423.33340854189146,-0.11000000000000032,-0.060000000000001386,-0.379999999999999,-0.26666666666666633,4.264392324093813,1.5288394718554477,-9.445808505072343,8.19032761310452,1.4232209737827795,2.434336963484962,2.5048169556840083,2.9331514324693053,1.8181818181818077,0.0,3.703703703703698,0.0,0.0,0.0,1.555298055877441,0.0,2.955974842767284,3.032217308907126,2.7906976744185963,1.9738704247173278,-0.15000000000000036,1.0699999999999994,0.42,1.8350207329137724,4.234034865865777,-8.504098360655732,-2.696871628910469,174.2,168.0,165.78333333333333
1996-04-30,3.3529411764705808,3.0415890751086305,2346.9584109249945,-854.139240121224,9.122296178470158,153.02081865525756,90.69559523649541,0.22999999999999954,0.35000000000000053,-0.060000000000001386,-0.18333333333333388,19.65272296764009,-5.586206896551726,-6.083775850482141,16.20333598093726,0.21474588403722628,2.4840764331210297,2.5542784163473886,2.9132791327913354,0.0,-1.7857142857142794,0.0,0.0,0.0,0.0,1.7878956135480184,0.0,2.6184538653366562,2.814258911819878,2.832674571805005,2.1111226257272797,-0.5599999999999996,-0.15000000000000036,0.67,4.350154173072962,7.612572510816373,0.216216216216214,-8.504098360655732,175.4,169.5,167.08333333333334
1996-07-31,3.206997084548102,-1.2048192771084376,-139.6115072535039,14.937779358261349,-47.00028652118885,-110.650173979098,116.44592329936823,-0.09999999999999964,-0.35999999999999943,0.35000000000000053,0.596666666666667,0.7529089664613187,4.264392324093813,-2.7240498518414262,7.090103397341219,8.19032761310452,2.7215189873417867,2.664974619289362,2.960969044414541,-1.7857142857142794,-3.6363636363636376,0.0,0.0,0.0,0.0,2.2465113901620315,0.0,2.664188351920682,2.669149596523912,2.8833551769331667,2.11645674168901,0.7800000000000002,-0.5599999999999996,0.63,5.516187105751635,6.162682827923716,0.3177966101694851,0.216216216216214,176.5,171.1,168.46666666666667
1996-10-31,2.886836027713624,4.268292682926833,-454.26829268292596,23.209499093213772,-854.139240121224,249.40010804201881,37.24853723587332,-0.2999999999999998,-0.1299999999999999,-0.35999999999999943,0.24666666666666645,1.6800584368152016,19.65272296764009,7.6120021980555705,-3.0000000000000027,16.20333598093726,2.7707808564231495,2.7760252365930604,2.8037383177569986,-5.454545454545457,-1.8867924528301772,-1.7857142857142794,0.0,0.0,0.0,2.2359480114551022,0.0,2.5199754148740094,2.6510480887792953,3.0618892508143203,2.2560912998195626,-0.33999999999999986,0.7800000000000002,0.58,5.0764059690956875,7.722243965360431,6.984478935698446,0.3177966101694851,177.8,172.5,169.86666666666665
1997-01-31,2.749140893470803,0.7017543859649145,-83.55889724310774,-10.988527718518649,14.937779358261349,-63.46036662347554,77.23993492406416,0.2400000000000002,0.35000000000000053,-0.1299999999999999,0.003333333333333558,-7.634628493524199,0.7529089664613187,12.782380784913721,-0.36049026676280294,7.090103397341219,2.751719824890553,2.694235588972438,2.9158383035122526,1.9230769230769162,3.8461538461538547,-3.6363636363636376,0.0,0.0,0.0,2.56936872976834,0.0,2.504581551618834,2.636419374616805,3.0381383322559907,2.2687430608309356,-0.33999999999999986,-0.33999999999999986,0.6,6.810277355204253,6.938516865616662,9.070548712206051,6.984478935698446,178.9,174.2,171.32500000000002
1997-04-30,2.845759817871363,2.9036004645760727,313.76306620208914,-86.6310768549824,23.209499093213772,9.122296178470158,52.92356873201353,0.11000000000000032,-0.11999999999999922,0.35000000000000053,0.1566666666666666,-1.58311345646438,1.6800584368152016,8.185507333808422,-2.8708133971291905,-3.0000000000000027,2.9210689869484163,2.8019925280199365,2.699144173798551,-3.7735849056603765,-3.703703703703709,-1.8867924528301772,0.0,0.0,0.0,2.6267644639889953,0.0,2.6123936816524918,2.4330900243308973,2.434336963484962,1.9152421962217003,0.3200000000000003,-0.33999999999999986,0.59,6.378124448646516,3.917208527858862,9.385113268608425,9.070548712206051,180.2,175.4,172.8083333333333
1997-07-31,2.9378531073446235,-1.4108352144469483,-148.58916478555292,6.430456707087595,-10.988527718518649,-47.00028652118885,-24.42568853878824,-0.15000000000000036,-0.05000000000000071,-0.11999999999999922,-0.2399999999999999,-2.377717391304346,-7.634628493524199,1.6718985203529062,-0.6896551724137945,-0.36049026676280294,2.8342575477510845,2.9048207663782355,2.5490196078431504,-3.9215686274509665,-3.8461538461538547,3.8461538461538547,0.0,0.0,0.0,2.5787583632591593,0.0,2.4140012070005934,2.41837968561065,2.165605095541401,1.6710718257579193,-0.79,0.3200000000000003,0.43,6.7567244851659325,5.566340332682751,13.093980992608234,9.385113268608425,181.6,176.5,174.20000000000002
1997-10-31,2.9180695847362603,0.400686891814539,-128.40068689181462,-71.73461389227162,-86.6310768549824,-854.139240121224,-162.81591788797505,-0.07000000000000028,0.22999999999999954,-0.05000000000000071,-0.30666666666666664,9.195402298850585,-1.58311345646438,-1.4917025963975596,10.382916053019153,-2.8708133971291905,3.0637254901960675,3.007980356046658,2.467532467532485,-4.081632653061229,-1.9999999999999907,-3.703703703703709,0.0,0.0,0.0,2.7008660340612334,0.0,2.278177458033559,2.2222222222222143,2.0859671302149163,1.4388386004676512,-0.07000000000000028,-0.79,0.28,8.593898632434005,3.9069696039299995,9.430051813471497,13.093980992608234,183.1,177.8,175.54999999999998
1998-01-31,3.121516164994431,2.6225769669327326,554.5202801759267,-763.6280497606324,6.430456707087595,14.937779358261349,-440.24675234129813,0.1299999999999999,-0.11000000000000032,0.22999999999999954,0.03666666666666648,12.54612546125462,-2.377717391304346,-0.7101016918642492,12.518089725036186,-0.6896551724137945,3.1040779062690094,3.1116534472239055,2.1893110109465486,-2.1276595744680993,-4.081632653061229,-3.8461538461538547,0.0,0.0,0.0,2.842028065954172,0.0,2.264600715137055,2.270011947431283,1.6311166875784044,1.0442111277765953,0.11000000000000032,-0.07000000000000028,0.21,8.569991033819925,3.5746301539147263,9.445585215605746,9.430051813471497,184.5,178.9,176.76666666666665
1998-04-30,3.2097399003873983,-0.666666666666671,-125.42028985507257,-139.97292969284396,-71.73461389227162,23.209499093213772,-273.37594051240836,0.07000000000000028,-0.040000000000000036,-0.11000000000000032,-0.03666666666666648,3.217158176943702,9.195402298850585,-0.22939334246604628,8.866995073891616,10.382916053019153,3.140096618357502,3.149606299212615,2.3076923076922995,-6.521739130434778,0.0,-1.9999999999999907,0.0,0.0,0.0,2.5824283658249403,0.0,2.131438721136769,2.25653206650831,1.4383989993745905,0.7169886476797505,-0.23000000000000043,0.11000000000000032,0.21,7.152135600773812,5.816583169381184,7.199211045364895,9.445585215605746,186.0,180.2,177.98333333333335
1998-07-31,3.2381997804610263,3.076062639821031,-561.4093959731517,277.8266045060485,-763.6280497606324,-10.988527718518649,14.752588046274226,0.009999999999999787,0.16000000000000014,-0.040000000000000036,-0.05666666666666664,18.16283924843425,12.54612546125462,5.257707380094523,11.805555555555557,12.518089725036186,3.2354703415218733,3.1831831831831803,2.294455066921608,4.651162790697683,-4.255319148936176,-4.081632653061229,0.0,0.0,0.0,2.5155546891499014,0.0,2.2392457277548683,2.2432113341204207,1.74563591022443,0.8750745802199145,-0.33000000000000007,-0.23000000000000043,0.09,4.819266627395713,3.9191875133208764,-1.7740429505135324,7.199211045364895,187.6,181.6,179.24166666666667
1998-10-31,3.435114503816794,-1.519262072707539,-149.38982883638323,16.346596309296423,-139.97292969284396,-86.6310768549824,-12.196276970685133,0.1900000000000004,0.2600000000000007,0.16000000000000014,0.1566666666666666,12.828947368421062,3.217158176943702,7.604140145385131,14.676450967311538,8.866995073891616,3.388822829964333,3.3373063170440975,2.344740177439797,0.0,2.2222222222222143,0.0,0.0,0.0,0.0,2.4402052871114632,0.0,2.2274325908558046,2.3501762632197387,1.4860681114551078,0.7226496209978395,-0.20999999999999996,-0.33000000000000007,0.01,4.621968547319155,5.288714880204881,-7.765151515151503,-1.7740429505135324,189.1,183.1,180.5583333333333
1999-01-31,3.189189189189201,4.187327823691467,-375.6158992522639,-167.73708963955227,277.8266045060485,6.430456707087595,-45.906638215816145,-0.08999999999999986,-0.21999999999999975,0.2600000000000007,0.02666666666666669,14.62295081967213,18.16283924843425,8.647120704807147,11.382636655948563,11.805555555555557,3.423848878394331,3.4319526627218933,2.2054190296156184,-4.444444444444451,-4.347826086956507,-4.255319148936176,0.0,0.0,0.0,2.317997532169924,0.0,2.331002331002341,2.453271028037385,1.6666666666666607,0.9358742365980444,-0.6900000000000004,-0.20999999999999996,0.52,3.6409589763820582,6.564631671597265,-2.5328330206378924,-7.765151515151503,190.5,184.5,181.90833333333333
1999-04-30,2.9490616621983934,1.4278159703860371,-65.90150018091245,-47.45547131404027,16.346596309296423,-71.73461389227162,-37.617566246828936,-0.05000000000000071,-0.120000000000001,-0.21999999999999975,0.0,0.8441558441558472,12.828947368421062,10.965594310689852,3.4259857789269654,14.676450967311538,3.2786885245901676,3.2883147386964184,2.1929824561403466,0.0,-4.545454545454552,2.2222222222222143,0.0,0.0,0.0,2.5110406071138236,0.0,2.2028985507246412,2.0325203252032464,2.281134401972884,1.3545580383626632,-0.5599999999999996,-0.6900000000000004,0.08,4.105092640183194,7.26173190916366,-3.771849126034965,-2.5328330206378924,191.6,186.0,183.3166666666667
1999-07-31,2.658160552897404,0.6256517205422307,-56.18120727609778,-89.99282739493293,-167.73708963955227,-763.6280497606324,-160.99516300387867,0.07000000000000028,0.0600000000000005,-0.120000000000001,0.05333333333333309,-1.7078916372202602,14.62295081967213,11.710173983000963,4.472049689440993,11.382636655948563,3.0760301799187317,3.143189755529674,2.180685358255441,0.0,2.3809523809523725,-4.347826086956507,0.0,0.0,0.0,2.5433599290077824,0.0,2.074927953890482,1.9630484988452768,2.1446078431372584,1.4181101253344375,-0.5599999999999996,-0.5599999999999996,0.28,5.6498052629395,8.950767440307539,0.7604562737642651,-3.771849126034965,192.7,187.6,184.78333333333333
1999-10-31,2.3721665788086543,6.113989637305695,877.2193436960281,-687.2015186902638,-47.45547131404027,-139.97292969284396,-429.05438445988074,0.20000000000000018,0.009999999999999787,0.0600000000000005,0.31666666666666704,-6.239067055393588,0.8441558441558472,9.064594235379253,-4.072134962187324,3.4259857789269654,2.817711328349626,2.941176470588225,2.2291021671826616,-4.651162790697683,-2.3255813953488302,-4.545454545454552,0.0,0.0,0.0,2.5443488672527437,0.0,2.1215596330275144,2.066590126291623,2.56253813300793,1.8336773233365689,-0.08000000000000007,-0.5599999999999996,0.29,4.249748819161359,8.166739945929269,5.954825462012314,0.7604562737642651,193.9,189.1,186.26666666666665
2000-01-31,2.6715557883708607,-0.927734375,-115.17396054025424,-69.3373042063634,-89.99282739493293,277.8266045060485,-278.22471401562467,0.1899999999999995,0.27999999999999936,0.009999999999999787,0.13333333333333316,-6.407322654462244,-1.7078916372202602,2.262855748531917,-0.28868360277136684,4.472049689440993,3.253424657534265,3.032036613272293,2.6510480887792953,-2.4390243902438935,-4.761904761904767,2.3809523809523725,0.0,0.0,0.0,2.593599010172354,0.0,2.1070615034168627,1.8814139110604255,2.792956891317555,2.1891369506148672,1.08,-0.08000000000000007,0.23,4.802426035163743,8.998761070068362,7.79595765158807,5.954825462012314,195.0,190.5,187.79999999999998
2000-04-30,2.760416666666665,-0.246426811237066,-73.43778371507837,11.435678267531625,-687.2015186902638,16.346596309296423,94.98009174029234,-0.09999999999999964,-0.049999999999998934,0.27999999999999936,0.12666666666666662,4.70057952350289,-6.239067055393588,-0.4340570170922284,-0.187499999999996,-4.072134962187324,3.3446712018140534,3.4110289937464566,2.942979767014098,-5.000000000000004,0.0,-2.3255813953488302,0.0,0.0,0.0,2.55606706273912,0.0,2.2688598979013097,2.4473534433693933,3.013863773357439,2.3509901473026895,1.0299999999999994,1.08,0.07,5.172844298260548,7.020733837569293,4.397705544933084,7.79595765158807,196.9,191.6,189.24166666666665
2000-07-31,2.951838425686182,0.8399209486166015,-440.8399209486122,684.6750583022216,-69.3373042063634,-167.73708963955227,72.825984716739,-0.08999999999999986,-0.16000000000000014,-0.049999999999998934,-0.1033333333333329,-12.342720191731571,-6.407322654462244,-2.100004018111431,-8.323424494649224,-0.28868360277136684,3.6599099099099197,3.498871331828446,3.5975609756097704,5.263157894736836,0.0,-4.761904761904767,0.0,0.0,0.0,2.1688906746200276,0.0,2.4844720496894457,2.5481313703284325,3.5992801439711952,2.668814307732892,1.5699999999999994,1.0299999999999994,-0.45,4.183041595873838,5.496357650684702,2.169811320754711,4.397705544933084,198.4,192.7,190.57500000000002
2000-10-31,3.244078269824935,3.919647231749135,366.6685880623672,-58.201037095526665,11.435678267531625,-47.45547131404027,-86.32892460235071,-0.20000000000000018,-0.40000000000000036,-0.16000000000000014,-0.2566666666666668,-3.66915422885572,4.70057952350289,-1.5506648431128236,-4.366282595512427,-0.187499999999996,4.082774049216997,3.8655462184874034,4.058146577831634,-2.500000000000002,-2.500000000000002,0.0,0.0,0.0,0.0,1.670021048103365,0.0,2.5266704098820814,2.53093363329584,3.4503271861986873,2.5148561265149194,1.3200000000000003,1.5699999999999994,-0.26,2.624433787632552,6.11665095522671,2.519379844961245,2.169811320754711,199.9,193.9,191.80000000000004
2001-01-31,3.1632653061224536,-0.5186232909005217,-113.23137670909959,-1.6866519324701845,684.6750583022216,-89.99282739493293,-94.63890343602638,0.020000000000000462,-0.16999999999999904,-0.40000000000000036,-0.23666666666666694,-2.200488997555017,-12.342720191731571,-2.010605316864931,-1.621308627678053,-8.323424494649224,3.9248203427307837,4.053303720155466,4.8048048048048075,7.692307692307709,0.0,0.0,0.0,0.0,0.0,1.2914946073230515,0.0,2.5655326268823275,2.5741466144376224,3.7212049616065945,2.7014432367977514,-0.1299999999999999,1.3200000000000003,-0.17,0.5268616288075956,4.124761620099271,-15.446428571428573,2.519379844961245,201.6,195.0,192.9333333333333
2001-04-30,3.547896604156109,0.09478672985780978,-118.27660491167393,61.05688234078499,-58.201037095526665,-687.2015186902638,-175.34849058385717,0.20999999999999996,0.3099999999999996,-0.16999999999999904,-0.27333333333333315,1.4145141451414434,-3.66915422885572,-5.427995986011273,4.320601127113344,-4.366282595512427,4.3335161821173696,4.1781198460692615,4.466944609886836,4.761904761904767,10.256410256410264,-2.500000000000002,0.0,0.0,0.0,0.43523426067044735,0.9411764705882231,2.66222961730449,2.6111111111110974,3.2182562902282053,2.373236751810892,-1.3899999999999997,-0.1299999999999999,0.57,-2.080053180296093,3.9912002404488334,-19.047619047619047,-15.446428571428573,203.6,196.9,194.24166666666667
2001-07-31,3.873239436619702,-1.6098484848484862,-1798.390151515334,307.94630115292324,-1.6866519324701845,-69.3373042063634,-385.1545858445034,-0.08000000000000007,0.009999999999999787,0.3099999999999996,0.029999999999999655,14.149008885851,-2.200488997555017,-6.063579971531955,3.6316472114137577,-1.621308627678053,4.562737642585546,4.580152671755733,4.061212477928189,4.545454545454519,4.651162790697683,0.0,0.0,0.0,0.0,-0.04310736001451598,2.0000000000000018,2.6997245179063434,2.705687465488693,2.7214823393167498,2.1017325092305805,-2.82,-1.3899999999999997,1.05,-3.880013744475541,2.637989202378632,-14.68144044321329,-19.047619047619047,205.9,198.4,195.60833333333332
2001-10-31,4.239401496259343,3.0798845043310985,-291.31517862197865,-179.44917784242494,61.05688234078499,11.435678267531625,-261.82987862201435,-0.08000000000000007,0.1200000000000001,0.009999999999999787,-0.029999999999999954,-0.5810200129115595,1.4145141451414434,-4.049510577035461,-0.6975269499048808,4.320601127113344,4.621171413218694,4.638619201725991,2.968568102444702,15.217391304347828,11.111111111111116,10.256410256410264,0.0,0.0,0.0,-0.6800048355899424,1.7482517482517501,2.6286966046002336,2.6330224904004274,2.127659574468077,1.531881699460702,-3.9299999999999997,-2.82,1.28,-4.571351468048357,7.116165917546535,-21.833648393194704,-14.68144044321329,208.1,199.9,197.06666666666663
2002-01-31,4.549950544015835,6.2558356676003735,103.1191643323989,-191.06942556860383,307.94630115292324,684.6750583022216,96.71791411534828,-0.20000000000000018,-0.22000000000000064,0.1200000000000001,0.020000000000000167,6.125000000000003,14.149008885851,2.5144386345015333,-2.0011771630370823,3.6316472114137577,4.680851063829783,4.695837780149414,2.177650429799427,7.547169811320753,14.000000000000012,4.651162790697683,0.0,0.0,0.0,-1.3895691883378691,1.730103806228378,2.610114192495905,2.782324058919805,1.1958997722095743,0.6659371163187933,-3.89,-3.9299999999999997,1.86,-3.7298619665951382,1.3196463153809068,-1.7951425554382339,-21.833648393194704,210.7,201.6,198.66666666666666
2002-04-30,4.454233969652477,0.0,-100.0,-15.452426052745128,-179.44917784242494,-58.201037095526665,336.44924905770023,-0.2999999999999998,-0.5099999999999998,-0.22000000000000064,0.2833333333333332,-3.4566403881140073,-0.5810200129115595,4.291444234981423,0.18007202881151763,-0.6975269499048808,4.363827549947441,4.538258575197895,2.3375142531356863,3.5087719298245723,0.0,11.111111111111116,0.0,0.0,0.0,-1.390639981276942,2.176403207331057,2.485143165856285,2.4363833243096877,1.643990929705219,1.1877053213986466,-2.8499999999999996,-3.89,1.91,-1.308927642541624,2.1797336951503876,5.203619909502266,-1.7951425554382339,212.7,203.6,200.26666666666668
2002-07-31,4.164648910411617,-3.734622144112476,-100.0,-15.452426052745128,-191.06942556860383,-1.6866519324701845,198.84339223089884,-0.20999999999999996,-0.1299999999999999,-0.5099999999999998,-0.016666666666666607,-0.8982035928143728,6.125000000000003,2.7531502882115553,8.760951188986233,-2.0011771630370823,3.8961038961038863,4.014598540145986,1.9230769230769162,-1.6949152542372947,1.754385964912264,14.000000000000012,0.0,0.0,0.0,-1.2014738482723164,1.7006802721088343,2.1995708154506355,2.2580645161290214,1.465614430665152,1.1921635118487872,-2.0599999999999996,-2.8499999999999996,1.87,1.5783009395395453,4.0442960183717735,-4.653679653679665,5.203619909502266,214.5,205.9,202.08333333333334
2002-10-31,3.6842105263157787,6.115928799634873,-263.76298762316446,-9.457863173881142,-15.452426052745128,61.05688234078499,-10.067524607946483,0.3199999999999994,0.39999999999999947,-0.1299999999999999,-0.15000000000000005,7.012987012987004,-3.4566403881140073,4.021786104923865,14.878671775223506,0.18007202881151763,3.3898305084745894,3.5051546391752675,2.6003391746749482,-1.724137931034475,-1.724137931034475,0.0,0.0,0.0,0.0,-0.6352128533609225,0.8968609865470878,2.187833511205972,2.2447888829502993,2.0270270270270174,1.7604514385630265,-0.8400000000000001,-2.0599999999999996,2.28,2.255186635160178,-2.560659205210336,-2.539298669891188,-4.653679653679665,216.2,208.1,204.08333333333334
2003-01-31,3.2639545884578958,0.2580645161290418,-95.78045257583037,-192.88327072462243,-15.452426052745128,307.94630115292324,81.2906073850563,-0.02999999999999936,0.17000000000000082,0.39999999999999947,0.1200000000000001,9.1283863368669,-0.8982035928143728,4.387847454177277,8.588588588588596,8.760951188986233,3.2520325203251987,3.1600407747196746,2.579921480650582,1.754385964912264,5.263157894736836,1.754385964912264,0.0,0.0,0.0,-0.21855585018989432,1.8952062430323435,1.9607843137255054,1.9639065817409707,2.757456387169399,2.3465153584070197,-0.52,-0.8400000000000001,2.25,3.022153794676674,4.3060138944865045,-11.397849462365583,-2.539298669891188,217.7,210.7,206.29166666666666
2003-04-30,2.6241799437675795,3.3891033891033873,1213.277563277514,-1313.277563277514,-9.457863173881142,-179.44917784242494,144.4172483829858,-0.1200000000000001,0.17999999999999972,0.17000000000000082,-0.24333333333333318,3.203517587939708,7.012987012987004,6.779542213693012,8.028759736369073,14.878671775223506,3.0226700251889227,2.978293791014641,2.506963788300842,3.4482758620689724,-1.6666666666666607,-1.724137931034475,0.0,0.0,0.0,-0.33916472074416726,2.5555555555555554,1.4760147601476037,1.744186046511631,2.175125488008911,1.9886961093585676,-0.51,-0.52,2.28,0.9831302267877318,2.6840258816781537,-7.5268817204301115,-11.397849462365583,218.9,212.7,208.58333333333334
2003-07-31,2.1850302185030257,2.9460580912862966,-13.072640369767585,-100.0,-192.88327072462243,-191.06942556860383,-18.92072613167203,0.7000000000000002,0.9100000000000001,0.17999999999999972,-0.010000000000000083,14.622356495468281,9.1283863368669,9.883755168141313,8.457997698504037,8.588588588588596,2.9000000000000137,2.9072681704260805,2.6082130965593864,3.3333333333333437,6.7796610169491345,5.263157894736836,0.0,0.0,0.0,-0.3055527901794308,1.969365426695835,1.522309711286085,1.4721345951629994,2.055555555555544,1.8627361145654664,-0.72,-0.51,2.38,0.3787360607919288,4.019600604649898,3.178206583427934,-7.5268817204301115,219.3,214.5,210.79166666666666
2003-10-31,2.1227503461006103,3.1841999193873427,8.083405714415814,-103.06464746523287,-1313.277563277514,-15.452426052745128,-157.92650974056775,-0.040000000000000036,-0.35999999999999943,0.9100000000000001,0.23000000000000012,19.35679611650485,3.203517587939708,4.994834907325529,11.839911061700947,8.028759736369073,2.7819175360158876,2.9382470119521775,2.4242424242424176,-3.2258064516129115,-3.1746031746031744,-1.6666666666666607,0.0,0.0,0.0,-0.13551069156388929,1.4084507042253502,1.305483028720622,1.2545739675901668,2.041942604856528,1.9682118170812668,-0.79,-0.72,2.69,1.2235781890910236,5.047807567221452,11.166253101736977,3.178206583427934,220.7,216.2,212.85833333333335
2004-10-31,2.3045639403524554,4.489051094890506,36.89025924993692,356.3702547324506,-105.45054882268239,-1313.277563277514,-318.47385029985725,-0.08000000000000007,-0.040000000000000036,-0.8700000000000001,-0.02666666666666669,5.3380782918149405,21.911138161898958,14.665141344461604,4.224652087475156,14.808652246256248,2.8516191396810164,2.8059990324141415,2.8509951586874527,0.0,-3.5714285714285587,1.754385964912264,0.0,0.0,0.0,1.5263722784421896,1.3555787278414888,2.0103092783505083,1.961796592669085,3.1909140075716547,2.700011489410592,0.76,0.25,1.82,3.349110266226174,6.927822790455651,2.34375,6.380638063806376,226.1,220.7,218.8083333333333
2005-01-31,2.383093525179847,0.7684247293049173,-82.88224586751646,439.8249783983208,-2082.9253021750424,-100.0,-737.5998718802979,-0.14999999999999947,0.020000000000000462,-0.040000000000000036,-0.1466666666666668,12.192569335426473,5.535055350553497,11.262111368321241,9.579918032786882,12.042440318302393,2.979336857280157,2.8887818969667745,2.8892455858748,-3.6363636363636376,0.0,-3.4482758620689724,0.0,0.0,0.0,1.5486861023585874,1.5511892450879028,2.261048304213764,2.2657054582904346,2.8448738593666034,2.53203056685547,1.47,0.76,1.49,3.846878696109912,6.476428165085424,-7.996146435452789,2.34375,227.1,222.0,219.9333333333333
2005-04-30,2.2321428571428603,-0.24263431542460578,-131.57554750275696,98.96412911319112,356.3702547324506,-103.06464746523287,-504.9366290033768,-0.2599999999999998,-0.8699999999999992,0.020000000000000462,0.09333333333333371,2.895656515227163,5.3380782918149405,5.097694562955968,3.864734299516903,4.224652087475156,3.0042918454935785,3.0129124820660103,3.186404673393528,-1.8867924528301772,-3.703703703703709,-3.5714285714285587,0.0,0.0,0.0,1.6033543359814884,1.7489711934156382,2.1949974476773715,2.35294117647058,3.3617929562433257,2.844503818718014,1.9400000000000002,1.47,0.85,4.024944103978978,7.033948671769474,-6.900212314225051,-7.996146435452789,228.7,223.3,220.99166666666665
2005-07-31,2.219263204616073,2.3627519110493322,-1073.7913233396348,-514.2382726531812,439.8249783983208,-83.97006911619471,-98.86066858531554,0.23999999999999932,0.40999999999999925,-0.8699999999999992,-0.06999999999999999,2.5974025974025983,12.192569335426473,1.836285578702557,4.3087121212121104,9.579918032786882,2.9801324503311077,2.892366050260775,2.896261190100047,-3.8461538461538547,-3.8461538461538547,0.0,0.0,0.0,0.0,1.8558546259850095,1.323828920570258,2.083333333333326,2.0345879959308144,3.067160232681121,2.679431825292533,2.02,1.9400000000000002,0.55,3.5162939256142556,9.23049582370712,-0.20682523267838704,-6.900212314225051,229.8,224.9,222.29999999999998
2005-10-31,2.29681978798586,-0.13577732518669228,-105.74657561598973,-386.651755140947,98.96412911319112,-105.45054882268239,-93.91500851695538,0.2400000000000002,0.3200000000000003,0.40999999999999925,-0.026666666666666988,-0.33783783783783994,2.895656515227163,2.1262976839368672,3.481163567000478,3.864734299516903,3.054511278195493,2.9176470588235137,3.922594142259417,0.0,0.0,-3.703703703703709,0.0,0.0,0.0,1.6703037808368126,1.1122345803842304,2.071753410813537,1.9240506329113893,4.350104821802936,3.551362370723954,2.2299999999999995,2.02,0.26,1.9790735913798763,5.661800486617996,-19.083969465648853,-0.20682523267838704,231.2,226.1,223.67500000000004
2006-01-31,2.503293807641649,3.7729435757987817,-2878.7729435758342,3373.328833508473,-514.2382726531812,-2082.9253021750424,-427.86951447924645,-0.09999999999999964,0.04999999999999982,0.3200000000000003,0.2733333333333337,6.016791044776126,2.5974025974025983,5.615392003539615,3.412809724170174,4.3087121212121104,3.0331311245916925,3.0884417407580855,4.264170566822667,-5.999999999999995,-1.9999999999999907,-3.8461538461538547,0.0,0.0,0.0,1.992001867737092,1.306532663316573,2.1105527638190846,2.114803625377659,4.018789144050117,3.246937842213904,1.9699999999999998,2.2299999999999995,0.17,2.3451555875404706,8.774227795567914,-4.502617801047116,-19.083969465648853,232.7,227.1,224.93333333333337
2006-04-30,2.9694323144104917,-0.8843760235833553,-123.43994830074078,-6.1832151614993,-386.651755140947,356.3702547324506,-1017.2177915730068,0.23000000000000043,0.4900000000000002,0.04999999999999982,-0.016666666666666902,-11.644832605531297,-0.33783783783783994,5.671843170605217,-7.0697674418604635,3.481163567000478,3.1944444444444553,3.156917363045486,3.757076685537819,0.0,-4.081632653061229,0.0,0.4987531172069737,0.0,0.0,2.0139455807787643,1.7000000000000126,2.29770229770232,2.0989505247376306,3.613835828600931,3.102827101944805,1.8900000000000001,1.9699999999999998,-0.01,2.119218044863791,6.374157420588045,-0.34207525655644,-4.502617801047116,234.9,228.7,226.2833333333333
2006-07-31,3.7342596613113344,1.8175809649702668,-305.52128466867623,-71.54742471577586,3373.328833508473,439.8249783983208,-442.8191436257354,-0.0600000000000005,-0.2999999999999998,0.4900000000000002,0.11333333333333329,-15.433300876338851,6.016791044776126,6.705368559538807,-19.972764412165233,3.412809724170174,3.536977491961424,3.5023041474654404,4.094165813715445,0.0,-2.1276595744680993,-1.9999999999999907,1.1970074812967413,0.4987531172069737,0.16625103906899122,1.6597170513775072,1.6865079365079305,2.6879044300647026,2.6420737786640114,4.104669061056954,3.4273456353752785,1.9999999999999996,1.8900000000000001,0.2,2.2050873763549417,3.469998698425103,-12.2279792746114,-0.34207525655644,238.0,229.8,227.53333333333333
2006-10-31,4.1882556131260795,-2.7588445309964293,-251.78661001445732,138.10379536903432,-6.1832151614993,98.96412911319112,355.19659562884243,0.09000000000000075,-0.14999999999999947,-0.2999999999999998,0.05000000000000012,-27.79661016949152,-11.644832605531297,2.358276623338257,-27.64976958525346,-7.0697674418604635,3.9671682626538862,3.886602652034754,3.0699547055863308,-6.382978723404253,-2.1739130434782483,-4.081632653061229,1.8453865336658382,1.1970074812967413,0.8312551953449635,1.6361786353542351,1.4749262536873253,2.7722772277227747,2.930948832588176,1.4063284781516971,1.67697016985775,1.29,1.9999999999999996,0.02,2.7807646325062496,3.998828904993279,26.145552560646877,-12.2279792746114,240.4,231.2,228.7833333333333
2007-01-31,4.260925449871467,7.510013351134837,-372.2158957040757,-87.07032812244886,-71.54742471577586,-514.2382726531812,110.38401191383896,0.07000000000000028,0.16999999999999993,-0.14999999999999947,-0.2333333333333334,-38.01143862736471,-15.433300876338851,-7.065639007335857,-26.49186256781193,-19.972764412165233,4.414402173913046,4.312301407172048,3.1361596009975123,4.545454545454519,-2.2222222222222143,-2.1276595744680993,2.6932668329177067,1.8453865336658382,1.645885286783037,1.5107881795223932,1.4634146341463428,2.657480314960625,2.6134122287968298,2.075765178123423,2.133263102449301,0.8600000000000003,1.29,-0.1,1.6586668297206675,1.501746068968135,6.25,26.145552560646877,242.7,232.7,230.14166666666665
2007-04-30,3.89864291772688,-3.725551071095934,-149.60778226223746,21.198837428012475,138.10379536903432,-386.651755140947,-288.57305247901803,0.0,-0.23000000000000043,0.16999999999999993,-0.040000000000000036,-18.176825919824267,-27.79661016949152,-16.911597974438006,-26.42642642642643,-27.64976958525346,4.513234634365193,4.567506750675077,3.4315476190476257,-2.1739130434782483,0.0,-2.1739130434782483,3.076923076923088,2.6932668329177067,2.510390689941803,1.2018383648537467,1.6472868217054293,2.4155273437499902,2.5051395007342103,2.5929247633283525,2.3307779164438047,0.4299999999999997,0.8600000000000003,-0.11,2.928277122815981,2.1461970173429323,-0.3432494279176357,6.25,244.602,234.9,231.61666666666667
2007-07-31,3.034323984930931,-2.870041921960653,-22.963291411372822,-92.4838979921561,-87.07032812244886,3373.328833508473,197.48283712987828,0.020000000000000462,0.08000000000000096,-0.23000000000000043,-0.18333333333333326,-22.04951065054692,-38.01143862736471,-25.210484255532123,-22.802041973908118,-26.49186256781193,4.257320319432112,4.311219946571687,3.11848574237954,4.444444444444451,4.545454545454519,-2.2222222222222143,3.2035485460818247,3.076923076923088,3.20352963744485,1.1096543591471386,1.6346153846153788,2.1682016480853106,2.181641573579407,2.3178905864958077,2.1247260128685497,-0.02999999999999936,0.4299999999999997,0.03,2.5462969979318073,2.349489282479622,6.729634002361284,-0.3432494279176357,245.69,238.0,233.48333333333335
2007-10-31,2.807708246995433,1.527224435590968,-153.21261769401798,-39.14981512113743,21.198837428012475,-6.1832151614993,1556.7499625136709,-0.08999999999999986,-0.1800000000000006,0.08000000000000096,0.1300000000000002,-15.224681421864517,-18.176825919824267,-25.76562442792171,-24.076433121019104,-26.42642642642643,4.026315789473678,3.9784330985915606,3.055175781249986,0.0,2.1739130434782705,0.0,3.18315377081293,3.2035485460818247,3.4298977506858286,0.972626163716872,1.3346043851286904,2.1565510597302495,2.101351351351366,3.610698365527476,3.08847488843238,-0.71,-0.02999999999999936,0.22,2.544013542783752,4.554555662749693,-13.568376068376054,6.729634002361284,247.487,240.4,235.7166666666667
2008-01-31,2.740142595902939,-5.035971223021585,-429.74663747263105,15.456282881130434,-92.4838979921561,-71.54742471577586,1109.426766136112,-0.4900000000000002,-0.5600000000000005,-0.1800000000000006,-0.013333333333333641,-23.066004258339245,-22.04951065054692,-23.539502539790714,-32.71832718327183,-22.802041973908118,3.8907467891579506,3.948215839860736,2.942627231754247,6.382978723404253,6.382978723404253,4.545454545454519,2.9140359397765936,3.18315377081293,3.222288455229035,0.6684997672253168,1.5137180700094621,2.4789069990412305,2.4353676117251366,4.294695655165981,3.3874068170097082,-2.11,-0.71,0.54,2.4005910504377725,3.1760353413153197,-19.091847265221872,-13.568376068376054,249.532,242.7,238.17500000000004
2008-04-30,2.6184421595718987,4.752066115702469,-194.36245572609187,29.91466940229548,-39.14981512113743,138.10379536903432,-14.817484850215385,0.1800000000000006,0.1800000000000006,-0.5600000000000005,-0.16666666666666666,-32.013422818791945,-15.224681421864517,-22.445145493371058,-31.428571428571427,-24.076433121019104,3.638822115384621,3.5855544891520985,3.1071658082275855,0.0,2.0000000000000018,2.1739130434782705,2.9369282619162274,2.9140359397765936,2.9356588919985973,0.14001233269251845,1.5992474129821188,2.294669292051843,2.388524386633417,3.9037609759888126,3.13951867682587,-2.92,-2.11,1.5,-0.8042547033000225,1.5978171321675783,-28.128587830080363,-19.091847265221872,250.899,244.602,240.63891666666666
2008-07-31,2.6293017643785,-6.278763971071665,-232.12703313037792,910.8613306863077,15.456282881130434,-87.07032812244886,30.69103475885032,0.0699999999999994,0.049999999999998934,0.1800000000000006,0.1466666666666668,-31.83161004431314,-23.066004258339245,-24.962819858666077,-32.329169728141075,-32.71832718327183,3.693254353265596,3.670347400366225,3.9433973958606483,15.999999999999993,9.80392156862746,6.382978723404253,3.1996179560649374,2.9369282619162274,2.9269202889984207,-0.3955260641534619,1.3047530288909703,2.463313612274831,2.3917259211376996,5.497512078341837,4.135655023597695,-3.1900000000000004,-2.92,1.48,-2.045316384108431,1.4889923338095912,-32.30088495575222,-28.128587830080363,252.229,245.69,242.7405
2008-10-31,2.362591958077198,-2.981410031567866,-52.51597216738511,-65.72346784631986,29.91466940229548,21.198837428012475,6.032573966455685,0.3700000000000001,0.45999999999999996,0.049999999999998934,-0.013333333333333641,-38.52848101265823,-32.013422818791945,-29.03328060464013,-38.25503355704698,-31.428571428571427,3.682435281221008,3.7826099839569194,3.149859990429138,12.068965517241391,8.92857142857142,2.0000000000000018,3.2747982914095974,3.1996179560649374,2.981138102924611,-1.3634685946286251,0.8333333333333304,2.2213629955157854,2.4386208722122937,3.7310578899565128,2.6718431480336147,-4.38,-3.1900000000000004,1.47,-7.03047677889429,-6.52742146280072,-28.80098887515451,-32.30088495575222,253.572,247.487,244.52808333333337
2009-01-31,2.126689412150573,-7.0860448300795404,137.67428012419768,-132.0361506337477,910.8613306863077,-92.4838979921561,-33.83800699216947,0.0,0.4900000000000002,0.45999999999999996,0.10000000000000024,-54.79704797047971,-31.83161004431314,-30.18218427072564,-50.18281535648994,-32.329169728141075,3.359260511779949,3.398877227648156,2.2351355033282783,19.999999999999996,19.672131147540984,9.80392156862746,3.6337895233600648,3.2747982914095974,3.295866435117093,-3.116532144431361,0.551977920883151,1.6723503187990874,1.7624596562335837,-0.11358601902212717,-0.11110355304627673,-2.99,-4.38,2.45,-13.488198157011356,-11.507271285834452,-21.938775510204078,-28.80098887515451,254.772,249.532,246.23499999999999
2009-04-30,2.066362247820286,6.381322957198443,-190.0547923449535,-2.216304257448254,-65.72346784631986,-39.14981512113743,-45.70063904026353,-0.0699999999999994,-0.25,0.4900000000000002,-0.23666666666666666,-52.81342546890424,-38.52848101265823,-32.76422073528891,-48.313492063492056,-38.25503355704698,3.0649817550748137,3.205916569719114,1.0730382284403817,15.384615384615397,19.17808219178081,8.92857142857142,3.3676333021515514,3.6337895233600648,3.6079259267399224,-4.503832278068353,0.642791551882449,1.93232662192393,1.7876130957932945,-0.5763244243767063,-0.5675739591662121,-2.17,-2.99,1.93,-14.852901184452637,-12.348302173230463,3.9936102236421522,-21.938775510204078,256.23,250.899,247.84866666666667
2009-07-31,1.7512399998416583,0.2560351133869876,-95.98774243046002,-58.64861531377652,-132.0361506337477,15.456282881130434,-47.826826411099084,-0.16999999999999993,-0.23999999999999932,-0.25,-0.2233333333333333,-35.644637053087756,-54.79704797047971,-42.01335775677851,-35.39630836047775,-50.18281535648994,2.3260490407304824,2.675784949069926,-0.657297237792076,5.555555555555558,9.195402298850585,19.672131147540984,2.6376677464136966,3.3676333021515514,3.328118872508952,-4.971708679398978,0.6404391582799596,1.5270992984974363,1.7119726678550107,-1.9587610037622771,-1.4660091971854472,-1.91,-2.17,2.25,-13.814305859822129,-10.103814399593103,7.843137254901955,3.9936102236421522,257.073,252.229,249.46483333333333
2009-10-31,1.1754930376157713,-0.43779642466252877,-270.9907750039018,416.01591633906725,-2.216304257448254,29.91466940229548,-0.33601869943141693,-0.009999999999999787,-0.3799999999999999,-0.23999999999999932,-0.006666666666666525,-31.27413127413128,-52.81342546890424,-49.35418260372159,-20.788043478260864,-48.313492063492056,1.2382377579153836,1.6665646986846028,-0.35047426563469264,5.263157894736836,3.157894736842115,19.17808219178081,2.527573529411753,2.6376677464136966,2.8487296145147147,-4.571768175915125,0.5474452554744547,1.7127331771131127,1.4798373886199645,-0.22396829420033848,0.013385238313023962,-0.11,-1.91,2.39,-7.320327835891582,-3.528197094844776,22.569444444444443,7.843137254901955,256.96,253.572,251.02599999999998
2010-01-31,0.4280734735440328,0.8794430194210223,-300.87944301941997,-318.5444098549075,-58.64861531377652,910.8613306863077,171.9196507759091,-0.15999999999999925,-0.15999999999999925,-0.3799999999999999,-0.05333333333333338,25.306122448979586,-35.644637053087756,-45.66971996899364,16.697247706422026,-35.39630836047775,0.467759721767802,0.6781596165058135,-0.6547780417311966,-1.9999999999999907,1.0204081632652962,9.195402298850585,2.049180327868849,2.527573529411753,2.4850045203791784,-3.1891883828816026,1.0000000000000009,1.5123351706495702,1.8236717759594345,2.6211113889767157,2.301720615608116,-0.11000000000000001,-0.11,2.51,0.9262067279837805,3.376999066503905,21.568627450980404,22.569444444444443,256.597,254.772,252.42816666666667
2010-04-30,-0.17770641808553256,-2.361060661096981,-368.4722726722392,93.87686473248944,416.01591633906725,-65.72346784631986,454.4483105028656,0.0699999999999994,0.1399999999999988,-0.15999999999999925,0.4366666666666668,43.72384937238494,-31.27413127413128,-35.78670410989357,22.26487523992322,-20.788043478260864,0.05023368711245535,0.18438300133658547,-0.5577439899863701,1.0204081632652962,0.0,3.157894736842115,1.764705882352935,2.049180327868849,2.0530388947598732,-1.290386205536298,1.361161524500898,0.9675088932173947,1.1592051426555505,2.2067707525304403,2.282122430488709,0.0,-0.11000000000000001,2.81,5.44397210407237,8.56015024519181,10.906298003072212,21.568627450980404,256.179,256.23,253.75199999999998
2010-07-31,-0.19451846952868168,-1.041666666666663,-55.881410256410334,-41.782764297332456,-318.5444098549075,-132.0361506337477,248.75268453331796,-0.15000000000000036,0.019999999999999574,0.1399999999999988,0.13333333333333286,-8.080808080808078,25.306122448979586,-11.876869451651643,-2.6890756302521024,16.697247706422026,0.04612120653075813,-0.021653614349126382,-0.16945161394581465,-5.05050505050505,-5.05050505050505,1.0204081632652962,1.8485121731289356,1.764705882352935,1.935973256960244,-0.1890373635793141,0.990099009900991,0.9577539302116689,0.9501989849939774,1.3407784804821077,1.6373900721981194,0.0,0.0,2.72,7.667126099809418,4.2485046880051724,2.7272727272727337,10.906298003072212,256.442,257.073,255.03458333333333
2010-10-31,-0.03658712211146442,4.511278195488733,-533.0827067669198,96.71618222400538,93.87686473248944,-2.216304257448254,-88.29528197522193,-0.08999999999999986,-0.08000000000000007,0.019999999999999574,-0.3299999999999998,1.6853932584269593,43.72384937238494,15.447447281507905,-4.288164665523153,22.26487523992322,0.28157246775573075,0.1612767340257948,-0.26873542237095815,0.0,1.0638297872340496,0.0,1.92738682205289,1.8485121731289356,1.7910466985730695,0.4297950208362211,0.71620411817368,0.6027183550187942,0.8143870498363182,1.1666951489314625,1.3584198610352205,0.09000000000000001,0.0,2.39,5.734583682058547,6.586438619505008,-4.107648725212454,2.7272727272727337,256.681,256.96,256.04025
2011-01-31,0.4625170129044509,-3.561151079136693,-178.93884892086317,-40.528057641573824,-41.782764297332456,-58.64861531377652,-54.894971558936184,-0.0600000000000005,0.09999999999999876,-0.08000000000000007,-0.029999999999999954,2.6058631921824116,-8.080808080808078,10.825099777733291,-9.433962264150942,-2.6890756302521024,0.9733798111136505,0.7938327160419423,0.39545618530476556,-3.191489361702138,-2.1052631578947323,-5.05050505050505,2.052655064703268,1.92738682205289,1.825970363204828,0.7973682994098619,0.9803921568627416,0.9835337415527112,0.6618948664665503,1.7007834915029774,1.5598650927487467,0.05000000000000002,0.09000000000000001,2.29,4.708166974437633,7.72314562143388,-0.26881720430107503,-4.107648725212454,257.326,256.597,256.60908333333333
2011-04-30,0.8881618757978993,-0.18649757553151902,-94.76299737396342,-74.28219043817815,96.71618222400538,416.01591633906725,39.27291031380679,-0.08000000000000007,-0.14999999999999947,0.09999999999999876,0.20666666666666642,-19.359534206695784,1.6853932584269593,-0.508604777149217,-8.791208791208794,-4.288164665523153,1.3018050947534165,1.2260200760285,0.96903170871665,0.0,-3.2258064516129115,1.0638297872340496,1.8674966651845315,2.052655064703268,1.8624578495434048,1.135106055948354,1.6000000000000014,1.3155392125784537,1.2097851736773357,3.0772344447868694,2.488096556306063,-0.11000000000000001,0.05000000000000002,2.84,3.5334681248321065,6.742422543513715,-3.3240997229917024,-0.26881720430107503,258.197,256.179,256.75533333333334
2011-07-31,1.227854762322389,-1.7189835575485812,821.7189835575447,-1570.4693023800032,-40.528057641573824,-318.5444098549075,135.36768475579015,0.040000000000000036,0.1900000000000004,-0.14999999999999947,-0.03333333333333292,14.102564102564097,2.6058631921824116,-1.0822821349196732,7.253886010362698,-9.433962264150942,1.5894459187518528,1.4675506463399435,1.467065037416626,-1.098901098901095,1.1111111111111072,-2.1052631578947323,2.301903497122626,1.8674966651845315,1.839477220244053,1.209983514166324,1.1473962930273585,1.741483445742964,1.5836776766096738,3.5798809769996165,2.875699838456258,-0.06999999999999999,-0.11000000000000001,2.71,2.4290308699050023,8.198860901393346,-6.047197640117985,-3.3240997229917024,259.114,256.442,256.60375
2011-10-31,1.6182099234114844,-1.2547528517110274,-27.00611671350638,-94.93397246418007,-74.28219043817815,93.87686473248944,-4.95408869234983,0.08999999999999986,0.17999999999999972,0.1900000000000004,0.09666666666666639,12.338858195211788,-19.359534206695784,-8.559977119276057,20.250896057347667,-8.791208791208794,2.399663542417696,2.095624902368387,1.8894522529684377,-2.2222222222222143,-1.098901098901095,-3.2258064516129115,1.9349164467898028,2.301903497122626,2.1586441265615486,1.4790883548587042,0.6124234470691103,2.1079204796465634,1.9877227562006272,3.5222681306640524,2.693632332390705,-0.11000000000000001,-0.06999999999999999,2.46,3.3322786552962835,7.352556980034564,-10.192023633678005,-6.047197640117985,260.495,256.681,256.4820833333334
2012-01-31,1.8384450853813572,7.046592221794379,-661.5920467672487,269.7308051086447,-1570.4693023800032,-41.782764297332456,-66.2068316349466,0.029999999999999805,0.0900000000000003,0.17999999999999972,-0.046666666666666856,14.761904761904754,14.102564102564097,-2.6103450095534817,23.611111111111114,7.253886010362698,2.4388592907597983,2.4572994841227214,1.8589244498090407,-5.681818181818176,-5.555555555555558,1.1111111111111072,1.7052907739396606,1.9349164467898028,1.9550658042162272,1.8404579744262017,0.9598603839441555,2.2773481506083826,2.276662633858506,3.0087663379855023,2.569312446745764,-0.06000000000000001,-0.11000000000000001,1.92,3.609208374871109,6.135583436196934,1.0781671159029615,-10.192023633678005,261.852,257.326,256.5754166666666
2012-04-30,2.0992794731098607,1.6906474820143957,-76.00758737272467,-19.79191300505643,-94.93397246418007,96.71618222400538,26.520269799497736,-0.11000000000000032,-0.03000000000000025,0.0900000000000003,-0.22999999999999968,35.92057761732852,12.338858195211788,7.1985089876827075,25.989672977624778,20.250896057347667,2.6859315709963694,2.552549572259366,1.7443832326546893,-1.2048192771084487,-3.529411764705892,-1.098901098901095,2.0515058926233065,1.7052907739396606,1.9167125180044042,1.693047713853657,1.2173913043478368,2.314427851801515,2.2483374654291177,2.2731633741348567,1.9998487418563693,0.07,-0.06000000000000001,1.61,3.83729583768877,4.962048567029531,9.455587392550147,1.0781671159029615,263.263,258.197,256.97600000000006
2012-07-31,1.992722231848898,4.174036080650856,146.8897937065815,-82.12408418865562,269.7308051086447,-40.528057641573824,27.675826739296152,-0.16999999999999993,-0.20999999999999996,-0.03000000000000025,-0.02666666666666684,18.780096308186202,14.761904761904754,15.567802765819652,36.714975845410635,23.611111111111114,2.783093878614018,2.730190603432603,1.4230625472910763,0.0,0.0,-5.555555555555558,1.6443098225876307,2.0515058926233065,1.9955974313408416,1.6394808815618944,0.9507346585998278,2.109955687378462,2.192285611289857,1.4175114798464783,1.4100261354958565,0.020000000000000004,0.07,1.68,3.3605726392072377,3.587103862988994,13.500784929356357,9.455587392550147,264.452,259.114,257.5899166666667
2012-10-31,2.1020526241172677,1.0865874363327643,-73.96794336853615,173.89329666765119,-19.79191300505643,-74.28219043817815,-0.405666485814893,0.010000000000000231,-0.07999999999999963,-0.20999999999999996,-0.05333333333333309,50.0,35.92057761732852,26.98361690054004,32.19076005961252,25.989672977624778,2.7302846458648444,2.638341277781042,1.5885904548485597,-4.8780487804877986,-4.8780487804877986,-3.529411764705892,1.6393442622950838,1.6443098225876307,1.838507760367869,1.5955881798224159,0.6013745704467333,1.9946491483669337,2.0082434834909124,2.1556780595369363,1.9768774978838444,0.09,0.020000000000000004,1.28,1.9249841413494284,4.0136868215963295,35.85526315789473,13.500784929356357,266.004,260.495,258.4723333333333
2013-01-31,2.065219462920953,3.2583137386630767,199.86668626133715,-130.20995902806723,-82.12408418865562,-1570.4693023800032,-312.39533149628096,0.17999999999999972,0.1499999999999999,-0.07999999999999963,0.12333333333333336,22.821576763485485,18.780096308186202,26.235667921387275,32.02247191011236,36.714975845410635,2.7123572008846963,2.674844236760121,1.8136917899916671,2.564102564102577,1.2820512820512997,0.0,2.1066208082545,1.6393442622950838,1.8167902458992247,1.510000375248599,0.9417808219178259,1.9098022178631435,1.8996943778720743,1.684061762098299,1.4708075063369241,0.039999999999999994,0.09,1.42,1.461458564792073,4.22414192144791,-1.6000000000000014,35.85526315789473,267.307,261.852,259.5508333333333
2013-04-30,2.0625589830469915,4.2290175666883645,29.79160099001328,-139.1955619429436,173.89329666765119,-94.93397246418007,-825.8177100800912,-0.16999999999999993,-0.05999999999999961,0.1499999999999999,0.07999999999999978,10.889774236387773,50.0,29.781077501380924,38.25136612021858,32.19076005961252,2.748120489464312,2.8134012038632195,1.9401600057659785,-5.000000000000004,-5.063291139240511,-4.8780487804877986,2.095808383233533,2.1066208082545,2.052435490300667,1.5303568092658315,1.2809564474807855,1.715558856294086,1.8890221377988237,1.138808047576867,1.0412253198881505,-0.01999999999999999,0.039999999999999994,1.75,1.7413702686861932,3.081590520470545,0.0,-1.6000000000000014,268.732,263.263,260.7615
2013-07-31,2.214293804507883,1.2484394506866447,-70.47920868145587,-147.9810114120257,-130.20995902806723,269.7308051086447,-526.0016195073171,-0.15000000000000036,0.019999999999999574,-0.05999999999999961,-0.009999999999999934,18.918918918918926,22.821576763485485,31.63518246778953,17.432273262661944,32.02247191011236,2.8386492421566656,2.9081198801045316,2.2790191813327976,-3.9473684210526327,0.0,1.2820512820512997,2.0859940400170363,2.095808383233533,2.0280603412109097,1.6652131457918662,0.9329940627650579,1.7002217680567089,1.6230952474272975,1.885471805415806,1.5951128457492025,-0.04000000000000001,-0.01999999999999999,1.48,1.256560262267148,5.565003343556163,17.70401106500692,0.0,270.34,264.452,262.1135
2013-10-31,2.262176838581609,3.082614056720101,146.91738594327947,-298.6230510848216,-139.1955619429436,-19.79191300505643,99.92209289875284,-0.22000000000000064,-0.23000000000000087,0.019999999999999574,0.4333333333333331,1.0928961748633892,10.889774236387773,28.912626021077546,17.700112739571594,38.25136612021858,2.738062148032805,2.941288892286509,2.0696676475447484,-1.3698630136986245,-3.9999999999999925,-5.063291139240511,2.24957555178269,2.0859940400170363,2.0892290490092926,1.762111266225097,0.6745362563237878,1.686837731144819,1.7519368418314363,0.8767991434911471,0.9761069199571093,-0.10999999999999999,-0.04000000000000001,2.29,2.432659941290538,3.297279469593817,-11.38014527845035,17.70401106500692,271.905,266.004,263.43891666666667
2014-01-31,2.5186452198399545,-0.8971291866028741,-129.10287081339723,-164.59449207287494,-147.9810114120257,-82.12408418865562,66.326964502244,-0.16000000000000014,-0.33999999999999986,-0.23000000000000087,-0.0433333333333333,0.0,18.918918918918926,25.661387689219257,3.8297872340425476,17.432273262661944,2.903744630929639,2.863817892888454,2.405089157996687,-8.333333333333337,-6.944444444444442,0.0,2.0210526315789457,2.24957555178269,2.1949228977080995,1.703423852369923,0.7563025210084007,1.6070344358370292,1.7408566188369834,1.557758795574915,1.4054054054054133,-0.07999999999999999,-0.10999999999999999,2.26,1.8500900445741042,1.7840041970037968,10.027100271002709,-11.38014527845035,273.936,267.307,264.81183333333337
2014-04-30,2.6250608082766247,2.776101388050689,-409.4427680547157,-1474.356377127798,-298.6230510848216,173.89329666765119,-18.6771303180715,-0.07000000000000028,0.09999999999999964,-0.33999999999999986,0.03333333333333366,24.910179640718553,1.0928961748633892,14.028701365405057,7.707509881422925,17.700112739571594,3.066961299390436,2.9133707074091797,2.5254199090583684,-6.060606060606055,0.0,-3.9999999999999925,1.9689987431922962,2.0210526315789457,2.0677519738734182,1.7840189000022155,1.340033500837512,1.8210555250137483,1.6456609706435588,2.015125303606169,1.6731138157687786,-0.05000000000000002,-0.07999999999999999,2.33,2.91355254713499,5.251886967786312,10.07853403141359,10.027100271002709,275.776,268.732,266.186
2014-07-31,2.723327238812856,-0.05871990604815469,-102.11519313743027,44.88697453877386,-164.59449207287494,-130.20995902806723,37.87029376626244,-0.019999999999999574,0.13000000000000078,0.09999999999999964,0.04666666666666656,23.29545454545454,0.0,9.630313354684162,7.923771313941819,3.8297872340425476,3.2825624370030226,3.1287974245749695,2.687418434917088,0.0,-8.955223880597018,-6.944444444444442,2.0850708924103456,1.9689987431922962,2.155922232665756,1.9664054079814752,1.5012510425354453,1.8449632290063356,1.9228626526676562,1.9742378703305974,1.6692416903290486,-0.009999999999999995,-0.05000000000000002,2.25,3.9400922357927914,4.041578951679625,-3.8777908343125667,10.07853403141359,277.468,270.34,267.59866666666665
2014-10-31,2.710121579320135,8.51938895417157,-14608.519388953104,-10043.356461973144,-1474.356377127798,-139.1955619429436,-30.339807615307233,-0.2200000000000002,4.440892098500626e-16,0.13000000000000078,-0.37333333333333324,16.108108108108098,24.910179640718553,8.9659062141156,4.789272030651337,7.707509881422925,3.326266946357226,3.280173774204931,2.6563539005354686,-8.064516129032262,-3.2786885245901565,0.0,2.0340390203403835,2.0850708924103456,2.102222224431771,2.0110769769631,0.9917355371900749,1.817632310436279,1.7409458883681284,1.6095417021513292,1.3329448612426242,0.0,-0.009999999999999995,2.05,3.0603471142710337,4.606160832214479,18.715846994535525,-3.8777908343125667,279.255,271.905,269.07733333333334
2015-01-31,2.637455511152731,-5.7931781266919335,-167.9999253215839,30.128729332756453,44.88697453877386,-147.9810114120257,-137.66460254949857,-0.20999999999999996,-0.04999999999999982,4.440892098500626e-16,0.02333333333333328,22.184684684684687,23.29545454545454,9.87255849719944,7.479508196721318,7.923771313941819,3.421987510940805,3.378438168276654,2.2622765920527588,0.0,-5.084745762711873,-8.955223880597018,2.146099876186547,2.0340390203403835,2.0784922878078316,2.1859393287341655,1.2325390304026351,1.631625565241701,1.6224195046636636,-0.22993097820542818,0.04140186722421113,-0.010000000000000009,0.0,1.85,2.802683070990164,3.2273019820881155,20.8128078817734,18.715846994535525,281.036,273.936,270.65625
2015-04-30,2.7764710990816344,-2.3850574712643624,-58.82989579976376,-85.6317169602805,-10043.356461973144,-298.6230510848216,-170.15953486779773,-0.009999999999999787,0.0600000000000005,-0.04999999999999982,-0.18000000000000016,14.093959731543615,16.108108108108098,13.987358760292311,6.972477064220173,4.789272030651337,3.475232903684522,3.5541686025879704,2.186074978234065,-5.263157894736836,-3.5714285714285587,-3.2786885245901565,2.259654889071494,2.146099876186547,2.0255594945501443,2.0962132222680063,0.9001636661211121,1.802827832894649,1.7453777073428434,-0.10403098939391064,0.11032406404982709,-0.009999999999999995,-0.010000000000000009,1.21,-0.5910006452100713,1.1757047376077967,14.030915576694426,20.8128078817734,283.24,275.776,272.37225
2015-07-31,2.990564816546093,2.2667059169855674,-195.03779025433485,90.99781752539609,30.128729332756453,-164.59449207287494,-226.0709446918986,-0.03999999999999959,-0.020000000000000018,0.0600000000000005,0.0033333333333334103,5.622119815668203,22.184684684684687,10.672999389428005,5.947955390334569,7.479508196721318,3.5320950036687115,3.501571682878968,1.9850660048353674,-3.703703703703709,-1.85185185185186,-5.084745762711873,2.1650326797385766,2.259654889071494,2.1375781560923826,2.0981786543757597,0.6493506493506551,1.8346312894897077,1.7772676244655061,0.22568611104094582,0.2197328295222345,0.0,-0.009999999999999995,1.47,-1.6597046171326846,2.600217822042006,13.814180929095343,14.030915576694426,285.632,277.468,274.1501666666667
2015-10-31,3.0773683195060686,5.555555555555558,145.0937950937961,-100.9932135573131,-85.6317169602805,-1474.356377127798,-427.56432591934436,-0.10000000000000009,0.1200000000000001,-0.020000000000000018,0.16999999999999993,-1.4897579143389184,14.093959731543615,4.531579521313328,6.032906764168189,6.972477064220173,3.7443014092690907,3.680041991882055,2.1039308604936524,-3.8461538461538547,-5.660377358490565,-3.5714285714285587,2.522375915378361,2.1650326797385766,2.1953783494253365,1.9900283983204314,0.9732360097323589,1.9135335359607986,1.8970961446650891,0.12761656067050708,0.09549823379610967,0.0,0.0,1.53,-2.724135620151691,0.9764611046036986,3.5673187571921616,13.814180929095343,287.837,279.255,275.98383333333334
2016-01-31,3.1613468821318325,-2.6452140714480543,-147.61385328606497,-12.134572081800698,90.99781752539609,44.88697453877386,-784.5618568317283,-0.21999999999999975,-0.009999999999999787,0.1200000000000001,-0.02666666666666669,0.6451612903225712,5.622119815668203,8.660543763940673,11.630123927550052,5.947955390334569,3.7255132048232165,3.6878127418566775,2.094725009014353,-4.0000000000000036,0.0,-1.85185185185186,2.505050505050499,2.522375915378361,2.3482245907736177,1.8795173866029247,1.1290322580645107,2.145022538582464,2.0715072792840905,1.2375025026943876,0.8711486332691809,0.22999999999999998,0.0,1.41,-3.2621120453574792,2.36844747145446,-6.218144750254839,3.5673187571921616,289.841,281.036,277.80358333333334
2016-04-30,3.145079234308934,0.25210084033613356,-109.5304513558,86.18161712984,-100.9932135573131,-10043.356461973144,-2142.90138210207,-0.04999999999999982,-0.040000000000000036,-0.009999999999999787,0.1166666666666667,-2.268907563025213,-1.4897579143389184,13.00667213084153,-0.5145797598627766,6.032906764168189,3.739085085240279,3.6794839183765804,2.1026125540942964,6.25,0.0,-5.660377358490565,2.5713137806347985,2.505050505050499,2.4716148028647447,1.883197824300975,1.3654618473895708,2.156654761214183,2.142426948557663,1.1726257503534843,0.9259068531526138,0.21999999999999997,0.22999999999999998,1.18,-2.7147309719388835,1.8804719023269412,-7.1949947862356645,-6.218144750254839,292.103,283.24,279.6455833333333
2016-07-31,3.2434319629920383,0.25146689019279744,-0.2514668901899886,-99.87106760702012,-12.134572081800698,30.128729332756453,-5001.694451251521,0.0,0.03999999999999959,-0.040000000000000036,-0.04999999999999997,8.115183246073299,0.6451612903225712,9.587861292290645,5.087719298245608,11.630123927550052,3.7554768097474156,3.793300335928995,2.4713217585405234,-5.882352941176472,-1.9999999999999907,0.0,2.7189124350259775,2.5713137806347985,2.4415034598611016,1.7810988020367402,1.1164274322168932,2.1701399624842965,2.2622116465067066,0.8683633430518256,0.7550842682239489,0.21999999999999997,0.21999999999999997,1.06,-2.21991842855771,1.4303509629034705,-3.329752953813103,-7.1949947862356645,294.876,285.632,281.61066666666665
2016-10-31,3.453786027487471,1.700111482720179,576.0776662950414,297.0381131202992,86.18161712984,-85.6317169602805,-3346.993075484716,0.050000000000000266,0.15000000000000036,0.03999999999999959,-0.16,24.102079395085063,-2.268907563025213,12.708923928649936,8.103448275862068,-0.5145797598627766,3.795862202492084,3.692979870659019,2.8744579349146315,2.083333333333348,2.0408163265306145,0.0,2.777777777777768,2.7189124350259775,2.5883225671151866,1.7442961445935268,0.7923930269413626,2.2045551507991146,2.271120682569183,1.685924966243646,1.4270032930845167,0.24,0.21999999999999997,0.79,-1.4303643405357502,3.2477665307725223,-3.111111111111109,-3.329752953813103,297.595,287.837,283.7185
2017-01-31,3.5475169789509042,2.7130720745409675,59.58200989267193,-140.36342698622352,-99.87106760702012,90.99781752539609,-17.606645781655416,-0.1299999999999999,0.08999999999999986,0.15000000000000036,0.07000000000000013,8.974358974358964,8.115183246073299,11.011021378508252,11.272416737830904,5.087719298245608,3.927322591703808,3.9721659449028834,3.1125219696434447,-4.081632653061229,-5.999999999999995,-1.9999999999999907,2.4832479306267308,2.777777777777768,2.6257722299284434,1.6884295789400205,1.1829652996845574,2.2502092221020176,2.197123661300271,2.5103933482571117,2.0052104701731244,0.2700000000000001,0.24,0.98,-0.6268158098776011,5.364364372114383,7.065217391304346,-3.111111111111109,300.253,289.841,285.8856666666667
2017-04-30,3.407585914992972,0.5602988260405617,-79.34817761391908,-27.556057122266818,297.0381131202992,-100.9932135573131,0.12280084971902738,-0.10999999999999943,-0.05999999999999961,0.08999999999999986,0.22999999999999998,-1.4617368873602765,24.102079395085063,4.888219681924481,7.844827586206904,8.103448275862068,3.8366559441842085,3.8903332867642693,3.1928649032721967,-6.382978723404253,-6.382978723404253,2.0408163265306145,2.5068546807677228,2.4832479306267308,2.5835248877666674,1.612039901289486,1.5723270440251458,1.8965650108902388,2.045845481938735,2.176223471915395,1.76747318686028,0.53,0.2700000000000001,1.26,1.588281587164575,4.607887254801701,8.98876404494382,7.065217391304346,302.35,292.103,288.10833333333335
2017-07-31,3.212214463250107,-0.9816927566993927,-275.20878343377524,109341.35954671772,-140.36342698622352,-12.134572081800698,-22.18642961715797,0.040000000000000036,0.040000000000000036,-0.05999999999999961,-0.010000000000000083,-2.66343825665859,8.974358974358964,5.07980786458391,4.841402337228717,11.272416737830904,3.8015828151497955,3.838936774820634,2.8604887316561856,-2.272727272727282,-2.272727272727282,-5.999999999999995,2.5690930323083006,2.5068546807677228,2.6062836798185143,1.5582618322723452,1.3250194855806585,1.6769627444729984,1.6991193342490218,1.7251073506566073,1.4856317748266346,0.77,0.53,1.01,1.255802001513473,3.1693754807146757,3.777777777777791,8.98876404494382,304.426,294.876,290.3974166666667
2017-10-31,3.198429264991165,7.100750267952849,-823.3169664841679,-242.91770270824932,-27.556057122266818,86.18161712984,-25.36808770503138,0.10999999999999988,0.05999999999999961,0.040000000000000036,0.02333333333333328,-4.265041888804266,-1.4617368873602765,4.149603912021073,8.133971291866038,7.844827586206904,3.7023466515663905,3.7825003762101295,2.7637130801687837,-2.3255813953488302,0.0,-6.382978723404253,2.316602316602312,2.5690930323083006,2.5100010142097875,1.4365874843174753,1.006191950464408,1.7596390813271245,1.5953898457655935,2.020757753132485,1.6820407007323013,0.76,0.77,0.96,2.2948896769468874,4.844896743795002,15.481651376146788,3.777777777777791,307.062,297.595,292.7735833333333
2018-01-31,3.214991776452436,-6.2797097823367505,-188.43727134973858,-416.26538226753365,109341.35954671772,-99.87106760702012,22.400773269816415,0.16000000000000014,0.29000000000000004,0.05999999999999961,0.009999999999999934,9.159663865546207,-2.66343825665859,1.8913973319878281,1.074443591711427,4.841402337228717,3.752193590098818,3.702306870324956,2.801776244741383,-4.761904761904767,-4.651162790697683,-2.272727272727282,2.7692307692307683,2.316602316602312,2.5592144272382176,1.3953360617463773,1.4615384615384697,1.8912671130328462,1.770166453265043,2.151318868063945,1.7576494957315614,0.78,0.76,0.78,2.7013898587068264,3.6576374890084695,-2.8426395939086246,15.481651376146788,309.832,300.253,295.33025
2018-04-30,3.377488471580836,1.0144153764015007,-116.15385760747729,46.385035044713916,-242.91770270824932,297.0381131202992,28.298024093153145,0.13999999999999968,0.2499999999999991,0.29000000000000004,-0.16999999999999993,11.343804537521818,-4.265041888804266,1.205837510857368,10.151878497202249,8.133971291866038,3.686063096188308,3.606898270840442,2.975180144115308,0.0,-2.4390243902438935,0.0,2.8276652655712553,2.7692307692307683,2.6466163404073186,1.537893195780371,1.839080459770126,2.150644636125887,2.1227843662331214,2.4709963021052994,2.0466282276259795,0.86,0.78,0.58,3.3121221571825954,4.097679488871608,1.855670103092777,-2.8426395939086246,312.213,302.35,297.904
2018-07-31,3.3992542937086867,3.8319238900634156,277.74702347835455,-200.92229616108534,-416.26538226753365,-140.36342698622352,91.83479619343899,-0.009999999999999787,-0.04999999999999982,0.2499999999999991,0.19666666666666663,0.16583747927032544,9.159663865546207,3.3544387490883345,6.210191082802541,1.074443591711427,3.6150280398068,3.55108050220847,2.9393734325862786,-5.000000000000004,0.0,-4.651162790697683,2.8462998102466885,2.8276652655712553,2.743944085758953,1.531627285858339,1.4404852160727843,2.267595293370639,2.245517307127032,2.854124785561929,2.3386070559001215,0.8399999999999999,0.86,0.46,3.2667742402821442,5.611408095073966,4.817987152034253,1.855670103092777,314.681,304.426,300.33275
2018-10-31,3.256115972143303,-2.265207431916516,-159.11410291291114,-80.67401627924902,46.385035044713916,-27.556057122266818,24.238314693276852,0.14000000000000057,0.030000000000000693,-0.04999999999999982,0.023333333333333428,-2.863961813842486,11.343804537521818,6.2346819153502055,-6.194690265486724,10.151878497202249,3.5708091093052508,3.6143530124441714,2.8026941237780933,0.0,-7.499999999999996,-2.4390243902438935,3.2830188679245254,2.8462998102466885,2.905442034994765,1.6146788990825778,1.1286681715575675,2.126409125691242,2.1976804898501623,2.492032470218053,2.053098049357893,1.1300000000000001,0.8399999999999999,0.29,2.91159558487879,4.032229193864434,-2.0854021847070636,4.817987152034253,317.132,307.062,302.7210833333333
2019-01-31,3.201766669563888,-2.213541666666663,-2.2808403558053136,-98.78960232258295,-200.92229616108534,109341.35954671772,18162.99408689641,-0.08999999999999986,-0.25,0.030000000000000693,0.10000000000000009,-5.61970746728252,0.16583747927032544,5.910074592616731,-4.783599088838264,6.210191082802541,3.4282789295808636,3.4919703185713136,2.878287217237574,5.263157894736836,5.405405405405395,0.0,3.2559880239521055,3.2830188679245254,3.200571566264602,1.6246783150480892,1.3452914798206095,2.1794329242488475,2.2485295505299874,1.4875893578291333,1.4318323303589953,1.0599999999999998,1.1300000000000001,0.28,1.847165892169489,1.6644533816002838,-4.702194357366773,-2.0854021847070636,319.79,309.832,305.09541666666667
2019-04-30,3.34185880917941,0.3195739014647092,-114.43722096028806,-1.4778989544973364,-80.67401627924902,-242.91770270824932,54621.00813720006,0.14000000000000057,8.881784197001252e-16,-0.25,-0.2033333333333336,-0.31347962382445305,-2.863961813842486,4.4995167542117755,-4.0638606676342555,-6.194690265486724,3.740535083291263,3.689317314845586,2.8833893139267097,-7.499999999999996,-2.564102564102566,-7.499999999999996,3.270159791898908,3.2559880239521055,3.3797992336514295,1.4627211599358647,1.4880952380952328,2.0913377235709074,2.06656235001228,2.000583470209061,1.5663384627478738,0.7600000000000002,1.0599999999999998,0.18,-1.045231439957961,2.7790626416122066,-1.6194331983805599,-4.702194357366773,322.564,312.213,307.51383333333337
2019-07-31,3.3806628241161762,1.5927794000530904,398.40722059995323,43.44248071879049,-98.78960232258295,-416.26538226753365,36256.28343384053,0.020000000000000018,0.029999999999999805,8.881784197001252e-16,-0.22999999999999984,2.6490066225165476,-5.61970746728252,-0.950794315663911,3.3733133433283324,-4.783599088838264,3.84586506153759,3.864321876167165,3.0677432577708608,0.0,-5.263157894736836,5.405405405405395,3.4317343173431825,3.270159791898908,3.4164443291330024,1.2857334585961722,1.3274336283185972,2.1657049503490455,2.0746001344216447,1.826331335037068,1.4539295260287632,0.49,0.7600000000000002,0.24,-1.306550847023058,3.06292961788599,0.5107252298263587,-1.6194331983805599,325.455,314.681,310.08725
2019-10-31,3.3295182276108948,0.4964724327149117,-68.82980576604876,-56.74185725465091,-1.4778989544973364,46.385035044713916,-281.37441952906426,0.13999999999999968,-8.881784197001252e-16,0.029999999999999805,-0.13666666666666671,8.517608517608522,-0.31347962382445305,-6.996503029530832,19.732704402515733,-4.0638606676342555,3.755966096753882,3.842792858631139,2.8952613569593444,-2.7027027027027084,-2.777777777777779,-2.564102564102566,3.142126415783708,3.4317343173431825,3.4027200494852603,1.293420542246837,1.1730205278592365,2.3378148209658223,2.3300099083477743,1.7339736996186295,1.2885618207514993,-0.6200000000000001,0.49,0.13,-2.2533501010779333,2.2328823062487624,-3.144016227180524,0.5107252298263587,327.994,317.132,312.64275000000004
2020-01-31,3.364141403113674,-0.4160166406656285,-183.79450967512568,7958.192639713793,43.44248071879049,-200.92229616108534,-149.04965926033515,-0.23000000000000043,-0.14000000000000057,-8.881784197001252e-16,-0.09666666666666683,28.95595432300162,2.6490066225165476,-3.3256964717773987,19.218500797448158,3.3733133433283324,3.7738923009768888,3.702128184261788,2.7543244684904433,0.0,2.857142857142869,-5.263157894736836,3.0445813700616053,3.142126415783708,3.211552689093026,1.3141497677580105,1.455604075691408,2.2817391837892886,2.2905988164406255,2.599767976845202,1.7944821136310463,-0.8099999999999998,-0.6200000000000001,0.17,-1.9568536316827312,4.0739483923150965,9.42982456140351,-3.144016227180524,330.297,319.79,315.16091666666665
2020-04-30,3.0653957267994247,-3.1070496083550947,646.8570496083526,-665.2505751016311,-56.74185725465091,-80.67401627924902,-98.44513911217952,-0.27,-0.4100000000000006,-0.14000000000000057,0.043333333333333446,-26.415094339622648,8.517608517608522,3.7272518483861554,-18.60816944024206,19.732704402515733,3.4697216680453558,3.652389486442842,2.1602197627801356,311.11111111111114,22.222222222222232,-2.777777777777779,8.096437567470316,3.0445813700616053,3.09993043740601,-13.39305279793882,1.521739130434785,1.4309324152566472,2.097741687598198,0.3130472940411133,0.4624613003096023,-2.4000000000000004,-0.8099999999999998,0.18,-17.202282478186216,-15.406353158874664,-26.131687242798364,9.42982456140351,332.917,322.564,317.7158333333333
2020-07-31,2.790429659962368,7.949339800592825,-355.84849946445786,-189.3177836808763,7958.192639713793,-98.78960232258295,-123.77604058041676,-0.13999999999999968,-0.1599999999999997,-0.4100000000000006,-0.006666666666666672,23.064516129032263,28.95595432300162,17.50700218553961,12.110224800580127,19.218500797448158,3.1262144697004057,3.204711727038956,2.031689097164646,-31.081081081081084,150.0,2.857142857142869,4.851944345344261,8.096437567470316,4.886371951372877,-7.739041713043937,0.9325681492108995,1.560695837131587,1.1836841884912408,0.9968647625897997,0.9225840072571545,-2.3,-2.4000000000000004,0.44,-6.8643222878721595,5.966485816431022,-26.321138211382124,-26.131687242798364,334.646,325.455,320.3615
2020-10-31,2.5095626295177142,-0.9236145781328031,-111.61875830322316,62.16631306880809,-665.2505751016311,-1.4778989544973364,-76.53245641345737,-0.08999999999999986,-0.22999999999999954,-0.1599999999999997,0.07000000000000013,16.452830188679247,-26.415094339622648,17.158679557233686,5.909389363099149,-18.60816944024206,2.673378009194227,2.71502156205079,1.9497629977979214,-32.35294117647059,-29.09090909090909,22.222222222222232,4.675876726886297,4.851944345344261,5.51011374511566,-5.9415027069853465,1.0706638115631772,1.6364116692455521,1.7190644053436621,1.2303863428671624,1.1874861668446979,-1.49,-2.3,0.44,-4.983078676770248,7.884620994688385,-14.345549738219898,-26.321138211382124,336.15,327.994,323.04175
2021-01-31,1.987494417150515,5.165028974552777,-659.2190830286047,258.6718037409481,-189.3177836808763,43.44248071879049,-26.428403464977904,0.06000000000000005,0.2900000000000005,-0.22999999999999954,-0.06999999999999999,3.099304237824163,23.064516129032263,3.8888285139214136,24.080267558528433,12.110224800580127,2.0373765888308526,2.2909000112954603,1.7598048122096088,-7.246376811594201,-14.102564102564097,150.0,5.240942666197679,4.675876726886297,4.7676295950339105,-5.99746104412916,1.8479033404406708,1.3872433599783962,1.624313961356294,1.3553199782346148,1.5857976839888988,-1.52,-1.49,0.74,-2.490398392692905,12.021689513013257,-20.841683366733466,-14.345549738219898,337.484,330.297,325.67091666666664
2021-04-30,2.0496693308071023,2.6832774317201658,-48.049131090256815,-107.42809112451488,62.16631306880809,-56.74185725465091,11.771631165454314,-0.18999999999999995,0.08000000000000007,0.2900000000000005,0.06333333333333331,59.72222222222223,16.452830188679247,5.934620378608106,59.94423791821561,5.909389363099149,1.8090969211551178,1.8164841444233026,2.6168231212504445,-4.687500000000011,-8.955223880597018,-29.09090909090909,0.6324900133155786,5.240942666197679,5.073073045633336,10.87759921486844,1.9774011299435124,2.965237482408023,1.6472323949463519,4.137373453318349,3.6402858298503427,0.0,-1.52,1.0,16.11987076234158,46.4231317648584,22.980501392757667,-20.841683366733466,339.587,332.917,328.3089166666667
2021-07-31,2.4358752631484792,9.192720485300976,242.592993800414,-168.17311135652102,258.6718037409481,7958.192639713793,1312.475338231237,-0.2200000000000002,-0.08000000000000052,0.08000000000000007,0.1766666666666666,4.652686762778502,3.099304237824163,8.623803358614607,7.244501940491599,24.080267558528433,1.9213466077730335,1.9228516883147417,3.3588044509491155,-11.475409836065564,-3.2786885245901565,-14.102564102564097,4.321197686287848,0.6324900133155786,3.5055664855025164,5.388675451509828,2.1632937892533066,4.207353331662866,4.423187598975353,5.269167647240969,4.473216164011551,-0.03,0.0,1.49,5.3293713823777455,12.021666846799883,12.00000000000001,22.980501392757667,342.505,334.646,330.72175
2021-10-31,3.1285065455517014,6.132478632478633,-33.289839038569966,-70.17540819784529,-107.42809112451488,-665.2505751016311,3849.3072715884077,0.13000000000000034,0.2200000000000002,-0.08000000000000052,0.01999999999999987,2.333117303953336,59.72222222222223,17.622054488807507,5.82765034097954,59.94423791821561,2.6943074567251424,2.4307114576105127,4.517964225308813,-16.666666666666675,-20.33898305084746,-8.955223880597018,5.414551607444995,4.321197686287848,3.541722493689544,4.287489207572603,2.3545706371191244,4.5832621627442505,4.013639084827814,6.226591220771449,5.336135652537788,-0.01999999999999999,-0.03,1.05,3.966408911211139,13.436558137793476,-12.347188264058673,12.00000000000001,345.857,336.15,332.89658333333335
2022-01-31,4.067369318080938,0.5234548016911589,-91.46422135221385,-86.12536807460032,-168.17311135652102,-189.3177836808763,2288.5526284069697,0.43999999999999995,0.3799999999999999,0.2200000000000002,0.17333333333333348,4.417177914110426,4.652686762778502,28.70775738960253,3.5040431266846417,7.244501940491599,3.7527324664919037,3.3203051216854407,5.644323792519179,-11.111111111111116,-17.021276595744684,-3.2786885245901565,5.681818181818188,5.414551607444995,4.900340525802105,4.963159404672779,2.595628415300544,6.058443287379434,5.504159561442767,7.578082463000535,6.272433512016362,0.009999999999999995,-0.01999999999999999,1.07,2.4299311328917605,11.693088571861466,-14.936708860759495,-12.347188264058673,350.242,337.484,334.80991666666665
2022-04-30,4.790204551663768,5.167234127778886,887.1404581799178,-1946.3194610397609,-70.17540819784529,62.16631306880809,-306.04803136284715,0.4299999999999997,0.6199999999999997,0.3799999999999999,0.16333333333333325,21.739130434782616,2.333117303953336,18.58281242299302,8.018593840790246,5.82765034097954,4.823026733645142,4.435167747180113,6.497597687436274,-7.499999999999996,-5.128205128205121,-20.33898305084746,5.72279192854781,5.681818181818188,5.376237390041967,4.868232707055475,3.112313937753708,6.157309612390649,6.480311508806325,8.235161744022502,6.684755338326309,0.28,0.009999999999999995,0.61,4.64824669969095,7.14571587184778,-26.160815402038494,-14.936708860759495,354.955,339.587,336.47125
2022-07-31,5.851873630036297,-0.9141115977909009,-117.69053956499988,-148.51357729721832,-86.12536807460032,258.6718037409481,11.089195930936635,-0.40000000000000036,-0.18000000000000016,0.6199999999999997,0.4333333333333333,-13.525360050093926,4.417177914110426,7.5307624830855815,2.7141133896260605,3.5040431266846417,6.32407441908458,5.785843357053189,7.4072492848909155,-5.405405405405405,-2.7027027027027084,-17.021276595744684,5.512067840834978,5.72279192854781,5.645295602196236,4.28593817074252,2.5299600532623145,5.900466194610221,5.907970951845765,8.447778206754553,6.7502013619389345,2.25,0.28,0.19,2.9817082189097732,9.585130533484687,-36.57635467980296,-26.160815402038494,361.324,342.505,338.2830833333333
2022-10-31,6.8984971604074685,0.1345377666730707,-114.71787110000606,244.60326157507916,-1946.3194610397609,-107.42809112451488,132.1533243726576,0.3799999999999999,0.24999999999999956,-0.18000000000000016,0.1266666666666668,-9.119696010132994,21.739130434782616,11.310946805453854,-6.61980082015231,8.018593840790246,7.517356140345899,7.208466283163939,7.879647629555686,2.857142857142869,-2.777777777777779,-5.128205128205121,4.975922953451062,5.512067840834978,5.490144092516172,3.5969818737421777,1.902887139107623,6.295779498595766,6.632895644682146,7.757261470809462,6.461602354598139,3.0100000000000002,2.25,-0.22,3.0790938495847575,7.269496718687263,-16.457461645746175,-36.57635467980296,369.006,345.857,340.48900000000003
2023-01-31,7.76448377044332,-3.0134357005758172,-2339.84370715661,2458.206556142048,-148.51357729721832,-168.17311135652102,4.481037125305098,-0.29000000000000004,-0.73,0.24999999999999956,0.48,-20.035252643948297,-13.525360050093926,3.847095131268213,-26.5625,2.7141133896260605,8.551019037706077,8.33382552713957,8.2290247477796,-2.777777777777779,0.0,-2.7027027027027084,4.522454142947496,4.975922953451062,5.156821540773564,3.182539365092052,2.207792207792214,5.539070917262623,5.684013449220071,6.340296309929161,5.507734586232882,4.25,3.0100000000000002,-0.41,1.5146036243782968,5.659367040483199,-3.4226190476190466,-16.457461645746175,376.657,350.242,343.4213333333334
2023-04-30,8.136884687518386,-0.45517514347912513,-84.89514332785834,-109.56952673560076,244.60326157507916,-70.17540819784529,-131.59182075273966,0.10999999999999943,-0.3200000000000003,-0.73,-0.4533333333333333,-25.604395604395602,-9.119696010132994,-6.981849800646074,-20.710059171597628,-6.61980082015231,8.806728984317758,8.807479224376745,7.42753868439221,-2.857142857142858,0.0,-2.777777777777779,4.568210262828543,4.522454142947496,4.848396101347567,2.4635511800120025,2.5112685125563194,5.513746497104743,5.562820885401543,4.946947488062325,4.476012960317743,4.5,4.25,-0.69,0.3126263333022461,0.5045245402733212,-2.300613496932513,-3.4226190476190466,383.534,354.955,347.0568333333333
2023-07-31,7.676949900174357,3.7574552683896645,-925.4965857031658,686.3814620307853,2458.206556142048,-86.12536807460032,-105.49963589686303,0.09999999999999964,0.5,-0.3200000000000003,-0.4166666666666667,5.720492396813892,-20.035252643948297,-13.212274543641653,-10.628302994715211,-26.5625,8.04549363396443,8.34720596582037,6.1951797970161815,2.941176470588247,2.857142857142869,0.0,4.605873261205562,4.568210262828543,4.631453015822662,1.9405549856581938,2.0330368487928796,4.7034702453572,4.857674424932568,3.28032820234625,3.40904219289897,3.0100000000000002,4.5,-0.6,0.021057636789723055,1.7245933222503673,38.834951456310684,-2.300613496932513,389.641,361.324,351.4345
2023-10-31,6.847256815886893,-4.521939068787129,-220.3457857989378,92.07625079343558,-109.56952673560076,-1946.3194610397609,-390.8410636098754,0.4800000000000004,0.10000000000000053,0.5,0.05999999999999991,-4.668989547038327,-25.604395604395602,-20.849358292852184,-4.140526976160597,-20.710059171597628,7.181596466943518,7.415411737218824,5.256971794630383,11.428571428571432,5.555555555555558,0.0,4.189602446483165,4.605873261205562,4.552292822071066,1.6938140378005784,1.5075376884422065,4.025639569645367,4.135362292603273,3.2465375076767167,3.0232617305099296,2.25,3.0100000000000002,-0.91,-0.8372629881617244,1.7967337087140933,6.510851419031716,38.834951456310684,395.131,369.006,356.85158333333334
2024-01-31,6.21589817736643,4.294601645595031,-194.97256774729001,-91.66728242784123,686.3814620307853,-148.51357729721832,-1026.620449427617,0.08000000000000007,0.3700000000000001,0.10000000000000053,-0.2666666666666666,1.4695077149154967,5.720492396813892,-10.62292566767401,9.57446808510638,-10.628302994715211,6.081601827006611,6.456428389696289,4.646204542629784,-5.128205128205121,0.0,2.857142857142869,4.296520423600603,4.189602446483165,4.361118654122631,1.4659516733428024,1.9925280199252882,3.866726134430176,3.9136391835001616,3.1079425939238847,2.6987514493606035,1.0,2.25,-0.19,-1.230783006123748,-0.5101661587529005,21.725731895223397,6.510851419031716,400.531,376.657,363.12825
2024-04-30,5.738410407171801,-3.367327304213974,-178.40837363036545,110.15144875999137,92.07625079343558,244.60326157507916,-682.2627320660162,0.3799999999999999,0.27000000000000046,0.3700000000000001,-0.04999999999999982,2.2895125553914264,-4.668989547038327,-4.284848703575901,-1.0176390773405708,-4.140526976160597,5.440158759890834,5.674461232958672,4.515238773337038,5.405405405405395,2.6315789473684292,5.555555555555558,3.979652902453612,4.296520423600603,4.167744882832669,1.4467104712749368,2.3514851485148647,3.623609253156701,3.8145272562212673,3.3540471111874304,2.826154012888593,0.5,1.0,-0.28,-0.8402107647342061,2.0213265190777374,21.193092621664043,21.725731895223397,406.146,383.534,370.14608333333337
2024-07-31,5.301494062061041,-0.6969334926324122,-79.30306650736776,-91.43129561659966,-91.66728242784123,2458.206556142048,482.4981977121415,-0.08000000000000007,-0.17999999999999972,0.27000000000000046,0.05999999999999991,-13.35616438356164,1.4695077149154967,-0.4059248269537661,-5.65045992115637,9.57446808510638,5.094336798087817,5.08336508191134,4.342496389570782,7.692307692307709,5.128205128205132,0.0,3.634751773049638,3.979652902453612,4.105992041840419,1.2716399925650101,1.5873015873015817,3.2282600603963596,3.260555773603513,2.9384633061405374,2.594376777467322,0.0,0.5,-0.35,-0.536517121008373,2.809809641633443,-7.132867132867126,21.193092621664043,410.839,389.641,377.33725000000004
2024-10-31,5.179131258757486,2.446360537397241,-451.0177891088295,104.68636941410642,110.15144875999137,-109.56952673560076,1292.3761108067836,0.6399999999999997,0.15999999999999925,-0.17999999999999972,-0.25666666666666654,-1.1695906432748537,2.2895125553914264,5.429937518124923,-6.544502617801051,-1.0176390773405708,4.5993609060472895,4.782019783576974,4.188079535569522,-2.3809523809523947,0.0,2.6315789473684292,4.1385383034928,3.634751773049638,3.8700860423790915,1.1742908254536166,1.2091898428053138,3.292843083424035,3.289914234939606,2.5714034967967203,2.4776925356425616,-0.5,0.0,-0.2,-0.3551440317182686,2.863562249272489,10.501567398119139,-7.132867132867126,415.651,395.131,384.0783333333334
2025-01-31,4.5842845113035935,0.6459189665296572,-73.59673863866074,-62.252772536672055,-91.43129561659966,686.3814620307853,879.0143323513466,0.10000000000000053,0.020000000000000462,0.15999999999999925,-0.34666666666666696,-1.6654598117306296,-13.35616438356164,-4.730821185795945,-5.501618122977348,-5.65045992115637,4.243945464839105,4.263859861334329,3.8472783086958895,-2.4390243902438935,0.0,5.128205128205132,3.9454598201334568,4.1385383034928,4.011614335666895,1.2760348680984857,1.8028846153846256,3.2920999144371965,3.213613000031912,2.999412512831112,2.6073795303935166,-1.0,-0.5,0.12,1.3770779342352935,4.589400690048628,-9.240506329113918,10.501567398119139,419.714,400.531,390.26891666666666
2025-04-30,4.300890727169748,-0.2722676001555846,-142.1519748240871,-20.322139633084713,104.68636941410642,92.07625079343558,322.01359723576496,0.15999999999999925,-0.22000000000000064,0.020000000000000462,0.44333333333333336,0.9386281588447565,-1.1695906432748537,-5.577054755125384,-2.5359835503769745,-6.544502617801051,3.979316007048306,3.992203987626586,3.9708089924219037,5.000000000000004,2.4390243902439046,0.0,3.827338129496405,3.9454598201334568,4.030575320812946,1.1406096361848528,2.2586618876941467,2.781521177848578,2.8087333707957463,2.3337465177498906,2.2774259978433964,-1.0,-1.0,0.36,1.236459131195966,4.674521048355151,-32.38341968911917,-9.240506329113918,423.906,406.146,396.01125
2025-07-31,4.060799208358801,0.0,-100.0,26.098528599407132,-62.252772536672055,-91.66728242784123,259.55406566900604,-0.04999999999999982,0.03000000000000025,-0.22000000000000064,-0.2066666666666667,12.964426877470348,-1.6654598117306296,-2.193764859137651,-5.153203342618385,-5.501618122977348,3.5459241814176146,3.7660197162068254,3.943549134434021,0.0,-2.3809523809523947,0.0,3.877958368976331,3.827338129496405,3.8862194331790243,0.9588425536223966,1.0513577331759283,3.0486026845763847,2.907869813377406,2.7318012794754543,2.596657399625002,-1.0,-1.0,0.57,1.2682502399550488,3.7645217839138656,-7.078313253012047,-32.38341968911917,427.864,410.839,401.44374999999997
